cycle,time,dt_spatial,dt_source,dt_final,max_source_rate,max_coordinate_speed,negative_real_stability_radius,limiter
0,0,0.072155419582705507,1.3957170865364181,0.010823312937405826,2,1.7323716045573447,3.489292716341045,z4c_spatial_or_other
1,0.010823312937405826,0.035939123727172048,1.3957170865364181,0.0053908685590758074,2,1.7390518609875398,3.489292716341045,z4c_spatial_or_other
2,0.016214181496481635,0.017938961590313756,1.3957170865364181,0.0026908442385470631,2,1.7420183349338134,3.489292716341045,z4c_spatial_or_other
3,0.018905025735028697,0.017925921578812221,1.3957170865364181,0.0026888882368218329,2,1.7432855467211432,3.489292716341045,z4c_spatial_or_other
4,0.02159391397185053,0.017911775175237617,1.3957170865364181,0.0026867662762856425,2,1.7446623628462017,3.489292716341045,z4c_spatial_or_other
5,0.024280680248136174,0.017896234643889869,1.3957170865364181,0.0026844351965834802,2,1.7461773731643249,3.489292716341045,z4c_spatial_or_other
6,0.026965115444719655,0.017881027815878456,1.3957170865364181,0.0026821541723817681,2,1.7476624007178054,3.489292716341045,z4c_spatial_or_other
7,0.029647269617101422,0.017866151808762967,1.3957170865364181,0.002679922771314445,2,1.7491175679293478,3.489292716341045,z4c_spatial_or_other
8,0.032327192388415867,0.01785160376540202,1.3957170865364181,0.0026777405648103028,2,1.7505429994231247,3.489292716341045,z4c_spatial_or_other
9,0.035004932953226167,0.017836122307882257,1.3957170865364181,0.0026754183461823386,2,1.7520624416322708,3.489292716341045,z4c_spatial_or_other
10,0.037680351299408506,0.017819312414706228,1.3957170865364181,0.0026728968622059339,2,1.7537152541424361,3.489292716341045,z4c_spatial_or_other
11,0.040353248161614438,0.017802856079231613,1.3957170865364181,0.0026704284118847419,2,1.7553363269871907,3.489292716341045,z4c_spatial_or_other
12,0.043023676573499182,0.017786750420941033,1.3957170865364181,0.0026680125631411548,2,1.7569257599301646,3.489292716341045,z4c_spatial_or_other
13,0.045691689136640339,0.017770992590387832,1.3957170865364181,0.0026656488885581746,2,1.7584836548130036,3.489292716341045,z4c_spatial_or_other
14,0.04835733802519851,0.017755579769961165,1.3957170865364181,0.0026633369654941747,2,1.7600101154043222,3.489292716341045,z4c_spatial_or_other
15,0.051020674990692683,0.017738011645264638,1.3957170865364181,0.0026607017467896957,2,1.7617532689095139,3.489292716341045,z4c_spatial_or_other
16,0.053681376737482377,0.017720614647851643,1.3957170865364181,0.0026580921971777463,2,1.7634828487051712,3.489292716341045,z4c_spatial_or_other
17,0.056339468934660124,0.017703587631037594,1.3957170865364181,0.0026555381446556389,2,1.765178937246205,3.489292716341045,z4c_spatial_or_other
18,0.058995007079315764,0.017686927697607133,1.3957170865364181,0.0026530391546410697,2,1.7668416207879798,3.489292716341045,z4c_spatial_or_other
19,0.061648046233956831,0.017670631978567525,1.3957170865364181,0.0026505947967851288,2,1.7684709883552956,3.489292716341045,z4c_spatial_or_other
20,0.064298641030741954,0.017654697633081626,1.3957170865364181,0.0026482046449622437,2,1.7700671316762346,3.489292716341045,z4c_spatial_or_other
21,0.066946845675704192,0.017637269954844586,1.3957170865364181,0.002645590493226688,2,1.7718161642934021,3.489292716341045,z4c_spatial_or_other
22,0.069592436168930877,0.017619625452583398,1.3957170865364181,0.0026429438178875095,2,1.7735904820506903,3.489292716341045,z4c_spatial_or_other
23,0.072235379986818393,0.017602365273187582,1.3957170865364181,0.0026403547909781373,2,1.7753295943472369,3.489292716341045,z4c_spatial_or_other
24,0.074875734777796535,0.017585486451335737,1.3957170865364181,0.0026378229677003606,2,1.7770335831469906,3.489292716341045,z4c_spatial_or_other
25,0.077513557745496897,0.017568986056476849,1.3957170865364181,0.0026353479084715273,2,1.7787025329489412,3.489292716341045,z4c_spatial_or_other
26,0.080148905653968427,0.017552861191590621,1.3957170865364181,0.0026329291787385929,2,1.780336530831311,3.489292716341045,z4c_spatial_or_other
27,0.082781834832707027,0.017537108991921208,1.3957170865364181,0.002630566348788181,2,1.7819356664998711,3.489292716341045,z4c_spatial_or_other
28,0.085412401181495207,0.017520241315539999,1.3957170865364181,0.0026280361973309999,2,1.783651231577619,3.489292716341045,z4c_spatial_or_other
29,0.088040437378826206,0.01750305752690556,1.3957170865364181,0.0026254586290358341,2,1.7854023476734138,3.489292716341045,z4c_spatial_or_other
30,0.09066589600786204,0.017486266677940315,1.3957170865364181,0.0026229400016910473,2,1.7871167457044008,3.489292716341045,z4c_spatial_or_other
31,0.093288836009553094,0.017469865739958689,1.3957170865364181,0.0026204798609938034,2,1.7887945142315613,3.489292716341045,z4c_spatial_or_other
32,0.095909315870546893,0.017453851711413417,1.3957170865364181,0.0026180777567120124,2,1.7904357454558304,3.489292716341045,z4c_spatial_or_other
33,0.098527393627258902,0.017438221616882292,1.3957170865364181,0.0026157332425323439,2,1.7920405352427822,3.489292716341045,z4c_spatial_or_other
34,0.10114312686979125,0.017422972506389994,1.3957170865364181,0.0026134458759584991,2,1.7936089831134641,3.489292716341045,z4c_spatial_or_other
35,0.10375657274574976,0.017408101455042117,1.3957170865364181,0.0026112152182563176,2,1.7951411922032823,3.489292716341045,z4c_spatial_or_other
36,0.10636778796400607,0.017392793011508839,1.3957170865364181,0.0026089189517263258,2,1.7967212039677483,3.489292716341045,z4c_spatial_or_other
37,0.1089767069157324,0.017376753539167226,1.3957170865364181,0.0026065130308750837,2,1.7983796529980389,3.489292716341045,z4c_spatial_or_other
38,0.11158321994660748,0.017361108568849218,1.3957170865364181,0.0026041662853273826,2,1.8000002635817518,3.489292716341045,z4c_spatial_or_other
39,0.11418738623193486,0.017345855007637294,1.3957170865364181,0.0026018782511455941,2,1.8015831439984238,3.489292716341045,z4c_spatial_or_other
40,0.11678926448308045,0.017330989794305453,1.3957170865364181,0.0025996484691458177,2,1.8031284058725834,3.489292716341045,z4c_spatial_or_other
41,0.11938891295222627,0.017316509898844475,1.3957170865364181,0.002597476484826671,2,1.8046361641317401,3.489292716341045,z4c_spatial_or_other
42,0.12198638943705294,0.017302412322044304,1.3957170865364181,0.0025953618483066454,2,1.806106536958759,3.489292716341045,z4c_spatial_or_other
43,0.12458175128535959,0.01728869409511366,1.3957170865364181,0.0025933041142670488,2,1.8075396457406376,3.489292716341045,z4c_spatial_or_other
44,0.12717505539962665,0.017275352279317285,1.3957170865364181,0.0025913028418975926,2,1.8089356150157179,3.489292716341045,z4c_spatial_or_other
45,0.12976635824152424,0.017262383965612318,1.3957170865364181,0.0025893575948418477,2,1.8102945724212733,3.489292716341045,z4c_spatial_or_other
46,0.1323557158363661,0.017248606501769476,1.3957170865364181,0.0025872909752654213,2,1.8117405598414091,3.489292716341045,z4c_spatial_or_other
47,0.13494300681163152,0.017234714798937352,1.3957170865364181,0.0025852072198406027,2,1.813200877680134,3.489292716341045,z4c_spatial_or_other
48,0.13752821403147211,0.017221208989767089,1.3957170865364181,0.0025831813484650632,2,1.8146228884725153,3.489292716341045,z4c_spatial_or_other
49,0.14011139537993716,0.017208086027955306,1.3957170865364181,0.0025812129041932956,2,1.8160067278390506,3.489292716341045,z4c_spatial_or_other
50,0.14269260828413047,0.017195342898943384,1.3957170865364181,0.0025793014348415074,2,1.817352534558659,3.489292716341045,z4c_spatial_or_other
51,0.14527190971897197,0.017182976619305824,1.3957170865364181,0.0025774464928958736,2,1.8186604505350521,3.489292716341045,z4c_spatial_or_other
52,0.14784935621186784,0.017170984236120547,1.3957170865364181,0.0025756476354180818,2,1.8199306207656467,3.489292716341045,z4c_spatial_or_other
53,0.15042500384728594,0.017159362826311742,1.3957170865364181,0.0025739044239467611,2,1.8211631933140326,3.489292716341045,z4c_spatial_or_other
54,0.15299890827123269,0.017148109495960018,1.3957170865364181,0.0025722164243940026,2,1.8223583192865833,3.489292716341045,z4c_spatial_or_other
55,0.1555711246956267,0.017137221379578401,1.3957170865364181,0.0025705832069367602,2,1.8235161528133794,3.489292716341045,z4c_spatial_or_other
56,0.15814170790256346,0.017126695639356957,1.3957170865364181,0.0025690043459035434,2,1.8246368510331816,3.489292716341045,z4c_spatial_or_other
57,0.160710712248467,0.017116150905146971,1.3957170865364181,0.0025674226357720454,2,1.8257609536851456,3.489292716341045,z4c_spatial_or_other
58,0.16327813488423903,0.017104893778106117,1.3957170865364181,0.0025657340667159176,2,1.8269625292849994,3.489292716341045,z4c_spatial_or_other
59,0.16584386895095496,0.017094007553888981,1.3957170865364181,0.0025641011330833469,2,1.8281260202725518,3.489292716341045,z4c_spatial_or_other
60,0.16840797008403829,0.017083489296032515,1.3957170865364181,0.002562523394404877,2,1.8292515924868773,3.489292716341045,z4c_spatial_or_other
61,0.17097049347844318,0.017073336096202776,1.3957170865364181,0.0025610004144304165,2,1.8303394148581313,3.489292716341045,z4c_spatial_or_other
62,0.17353149389287359,0.017063545073426379,1.3957170865364181,0.0025595317610139566,2,1.8313896593895165,3.489292716341045,z4c_spatial_or_other
63,0.17609102565388754,0.017054113373396601,1.3957170865364181,0.0025581170060094902,2,1.8324025011319636,3.489292716341045,z4c_spatial_or_other
64,0.17864914265989704,0.017045038167847557,1.3957170865364181,0.0025567557251771336,2,1.8333781181521542,3.489292716341045,z4c_spatial_or_other
65,0.18120589838507417,0.017036316653988054,1.3957170865364181,0.0025554474980982078,2,1.8343166914947338,3.489292716341045,z4c_spatial_or_other
66,0.18376134588317239,0.017027946053985762,1.3957170865364181,0.0025541919080978642,2,1.8352184051396649,3.489292716341045,z4c_spatial_or_other
67,0.18631553779127025,0.017019923614491686,1.3957170865364181,0.0025529885421737529,2,1.8360834459557771,3.489292716341045,z4c_spatial_or_other
68,0.188868526333444,0.017012246606194555,1.3957170865364181,0.0025518369909291829,2,1.8369120036516016,3.489292716341045,z4c_spatial_or_other
69,0.19142036332437318,0.017004912323395186,1.3957170865364181,0.0025507368485092777,2,1.8377042707245581,3.489292716341045,z4c_spatial_or_other
70,0.19397110017288247,0.016997918083591423,1.3957170865364181,0.0025496877125387135,2,1.8384604424095041,3.489292716341045,z4c_spatial_or_other
71,0.19652078788542118,0.016990050064229299,1.3957170865364181,0.0025485075096343948,2,1.8393118255603893,3.489292716341045,z4c_spatial_or_other
72,0.19906929539505558,0.016982473256060296,1.3957170865364181,0.0025473709884090445,2,1.8401324429495718,3.489292716341045,z4c_spatial_or_other
73,0.20161666638346462,0.016975241517063838,1.3957170865364181,0.0025462862275595758,2,1.8409163703848868,3.489292716341045,z4c_spatial_or_other
74,0.20416295261102418,0.016968352115535594,1.3957170865364181,0.0025452528173303388,2,1.8416638096158235,3.489292716341045,z4c_spatial_or_other
75,0.20670820542835452,0.016961802344731217,1.3957170865364181,0.0025442703517096826,2,1.8423749649285988,3.489292716341045,z4c_spatial_or_other
76,0.2092524757800642,0.016955589522432684,1.3957170865364181,0.0025433384283649026,2,1.84305004309378,3.489292716341045,z4c_spatial_or_other
77,0.21179581420842911,0.016949710990520783,1.3957170865364181,0.0025424566485781172,2,1.8436892533139198,3.489292716341045,z4c_spatial_or_other
78,0.21433827085700721,0.016944164114548004,1.3957170865364181,0.0025416246171822005,2,1.8442928071718345,3.489292716341045,z4c_spatial_or_other
79,0.2168798954741894,0.016938946283306697,1.3957170865364181,0.0025408419424960047,2,1.8448609185800902,3.489292716341045,z4c_spatial_or_other
80,0.21942073741668541,0.016934054908388341,1.3957170865364181,0.0025401082362582509,2,1.8453938037321591,3.489292716341045,z4c_spatial_or_other
81,0.22196084565294366,0.016929487423730495,1.3957170865364181,0.0025394231135595744,2,1.8458916810556283,3.489292716341045,z4c_spatial_or_other
82,0.22450026876650322,0.016925241285148811,1.3957170865364181,0.0025387861927723215,2,1.8463547711677566,3.489292716341045,z4c_spatial_or_other
83,0.22703905495927554,0.016921313969852126,1.3957170865364181,0.0025381970954778186,2,1.8467832968336024,3.489292716341045,z4c_spatial_or_other
84,0.22957725205475335,0.016917702975939395,1.3957170865364181,0.0025376554463909093,2,1.8471774829268612,3.489292716341045,z4c_spatial_or_other
85,0.23211490750114425,0.016914357129617176,1.3957170865364181,0.0025371535694425763,2,1.8475428749982461,3.489292716341045,z4c_spatial_or_other
86,0.23465206107058681,0.016910239018076721,1.3957170865364181,0.0025365358527115081,2,1.8479928028571535,3.489292716341045,z4c_spatial_or_other
87,0.23718859692329833,0.01690644000060712,1.3957170865364181,0.002535966000091068,2,1.8484080621868231,3.489292716341045,z4c_spatial_or_other
88,0.23972456292338939,0.016902957587678159,1.3957170865364181,0.0025354436381517238,2,1.8487888783901631,3.489292716341045,z4c_spatial_or_other
89,0.24226000656154112,0.016899789311516946,1.3957170865364181,0.0025349683967275417,2,1.849135478789881,3.489292716341045,z4c_spatial_or_other
90,0.24479497495826866,0.016896932725383108,1.3957170865364181,0.0025345399088074661,2,1.8494480926147774,3.489292716341045,z4c_spatial_or_other
91,0.24732951486707613,0.01689438540284861,1.3957170865364181,0.0025341578104272912,2,1.8497269509863821,3.489292716341045,z4c_spatial_or_other
92,0.24986367267750342,0.016892144937088557,1.3957170865364181,0.0025338217405632833,2,1.8499722869052109,3.489292716341045,z4c_spatial_or_other
93,0.25239749441806669,0.016890208940188934,1.3957170865364181,0.00253353134102834,2,1.8501843352359639,3.489292716341045,z4c_spatial_or_other
94,0.25493102575909504,0.016888575042476071,1.3957170865364181,0.0025332862563714107,2,1.8503633326911144,3.489292716341045,z4c_spatial_or_other
95,0.25746431201546643,0.01688724089187164,1.3957170865364181,0.002533086133780746,2,1.8505095178124455,3.489292716341045,z4c_spatial_or_other
96,0.25999739814924716,0.016886204153275523,1.3957170865364181,0.0025329306229913283,2,1.8506231309502581,3.489292716341045,z4c_spatial_or_other
97,0.26253032877223847,0.016885462507977556,1.3957170865364181,0.0025328193761966333,2,1.8507044142401134,3.489292716341045,z4c_spatial_or_other
98,0.26506314814843512,0.01688501365309758,1.3957170865364181,0.0025327520479646371,2,1.8507536115771597,3.489292716341045,z4c_spatial_or_other
99,0.26759590019639978,0.016884855301051986,1.3957170865364181,0.0025327282951577977,2,1.8507709685882245,3.489292716341045,z4c_spatial_or_other
100,0.27012862849155755,0.016884985179043521,1.3957170865364181,0.002532747776856528,2,1.8507567326020129,3.489292716341045,z4c_spatial_or_other
101,0.27266137626841408,0.016885302010579192,1.3957170865364181,0.0025327953015868787,2,1.8507220054708444,3.489292716341045,z4c_spatial_or_other
102,0.27519417157000098,0.016884960788235599,1.3957170865364181,0.0025327441182353399,2,1.850759406072952,3.489292716341045,z4c_spatial_or_other
103,0.27772691568823632,0.01688490940827158,1.3957170865364181,0.0025327364112407371,2,1.8507650378444582,3.489292716341045,z4c_spatial_or_other
104,0.28025965209947706,0.016885145641827241,1.3957170865364181,0.002532771846274086,2,1.8507391445051375,3.489292716341045,z4c_spatial_or_other
105,0.28279242394575116,0.016885667276364029,1.3957170865364181,0.0025328500914546044,2,1.8506819711971148,3.489292716341045,z4c_spatial_or_other
106,0.28532527403720576,0.016886472115216586,1.3957170865364181,0.0025329708172824876,2,1.8505937644512664,3.489292716341045,z4c_spatial_or_other
107,0.28785824485448824,0.016887557977126166,1.3957170865364181,0.0025331336965689248,2,1.8504747721563681,3.489292716341045,z4c_spatial_or_other
108,0.29039137855105718,0.016888922695752318,1.3957170865364181,0.0025333384043628475,2,1.8503252435313471,3.489292716341045,z4c_spatial_or_other
109,0.29292471695542005,0.016890564119159998,1.3957170865364181,0.0025335846178739995,2,1.8501454291009274,3.489292716341045,z4c_spatial_or_other
110,0.29545830157329406,0.016892480109280548,1.3957170865364181,0.0025338720163920821,2,1.8499355806748345,3.489292716341045,z4c_spatial_or_other
111,0.29799217358968616,0.033789337082691086,1.3957170865364181,0.0050677440327841642,2,1.849695951330641,3.489292716341045,z4c_spatial_or_other
112,0.30305991762247031,0.033799704166451755,1.3957170865364181,0.0050699556249677634,2,1.8491286104815976,3.489292716341045,z4c_spatial_or_other
113,0.30812987324743807,0.033812200674424538,1.3957170865364181,0.0050718301011636801,2,1.8484451988738739,3.489292716341045,z4c_spatial_or_other
114,0.31320170334860176,0.033826792173007263,1.3957170865364181,0.0050740188259510892,2,1.8476478550003648,3.489292716341045,z4c_spatial_or_other
115,0.31827572217455286,0.033843445705286045,1.3957170865364181,0.0050765168557929067,2,1.8467386726593875,3.489292716341045,z4c_spatial_or_other
116,0.32335223903034577,0.033862128550357841,1.3957170865364181,0.0050793192825536763,2,1.8457197664657596,3.489292716341045,z4c_spatial_or_other
117,0.32843155831289944,0.033882808189213985,1.3957170865364181,0.0050824212283820972,2,1.8445932713421258,3.489292716341045,z4c_spatial_or_other
118,0.33351397954128154,0.033905452273462158,1.3957170865364181,0.0050858178410193239,2,1.8433613418842028,3.489292716341045,z4c_spatial_or_other
119,0.33859979738230084,0.033923396685289556,1.3957170865364181,0.0050885095027934334,2,1.842386261606354,3.489292716341045,z4c_spatial_or_other
120,0.34368830688509427,0.033942276118476174,1.3957170865364181,0.0050913414177714261,2,1.841361486243366,3.489292716341045,z4c_spatial_or_other
121,0.34877964830286567,0.033963147033748732,1.3957170865364181,0.0050944720550623098,2,1.8402299391718491,3.489292716341045,z4c_spatial_or_other
122,0.35387412035792798,0.033985980004326843,1.3957170865364181,0.0050978970006490265,2,1.8389936083068066,3.489292716341045,z4c_spatial_or_other
123,0.35897201735857698,0.034010745790245295,1.3957170865364181,0.0051016118685367944,2,1.8376544985357472,3.489292716341045,z4c_spatial_or_other
124,0.36407362922711378,0.034037415301314607,1.3957170865364181,0.0051056122951971912,2,1.836214631655245,3.489292716341045,z4c_spatial_or_other
125,0.36917924152231096,0.034065959561622082,1.3957170865364181,0.005109893934243312,2,1.8346760462432723,3.489292716341045,z4c_spatial_or_other
126,0.37428913545655429,0.034096349675714212,1.3957170865364181,0.0051144524513571316,2,1.8330407974586453,3.489292716341045,z4c_spatial_or_other
127,0.3794035879079114,0.034128556796545667,1.3957170865364181,0.0051192835194818495,2,1.8313109567623429,3.489292716341045,z4c_spatial_or_other
128,0.38452287142739328,0.034162552095231065,1.3957170865364181,0.0051243828142846599,2,1.8294886115585232,3.489292716341045,z4c_spatial_or_other
129,0.38964725424167795,0.034198306732596655,1.3957170865364181,0.0051297460098894982,2,1.8275758647555245,3.489292716341045,z4c_spatial_or_other
130,0.39477700025156748,0.034235791832500778,1.3957170865364181,0.0051353687748751167,2,1.8255748342489744,3.489292716341045,z4c_spatial_or_other
131,0.39991236902644262,0.034274978456877207,1.3957170865364181,0.0051412467685315807,2,1.8234876523302235,3.489292716341045,z4c_spatial_or_other
132,0.40505361579497418,0.03431583758245077,1.3957170865364181,0.0051473756373676153,2,1.821316465023797,3.489292716341045,z4c_spatial_or_other
133,0.41020099143234179,0.034358340079081964,1.3957170865364181,0.0051537510118622948,2,1.8190634313574199,3.489292716341045,z4c_spatial_or_other
134,0.41535474244420406,0.034397756726402988,1.3957170865364181,0.0051596635089604477,2,1.8169789529334723,3.489292716341045,z4c_spatial_or_other
135,0.42051440595316453,0.034436180368651308,1.3957170865364181,0.0051654270552976963,2,1.8149515808929948,3.489292716341045,z4c_spatial_or_other
136,0.42567983300846224,0.034476297130540498,1.3957170865364181,0.0051714445695810749,2,1.8128396957292425,3.489292716341045,z4c_spatial_or_other
137,0.43085127757804331,0.034518081280507922,1.3957170865364181,0.0051777121920761884,2,1.8106452526170171,3.489292716341045,z4c_spatial_or_other
138,0.4360289897701195,0.034561506922480376,1.3957170865364181,0.0051842260383720565,2,1.8083702235606849,3.489292716341045,z4c_spatial_or_other
139,0.44121321580849154,0.034606547969412524,1.3957170865364181,0.0051909821954118788,2,1.8060165970683204,3.489292716341045,z4c_spatial_or_other
140,0.44640419800390341,0.034653178118534606,1.3957170865364181,0.0051979767177801903,2,1.8035863777403791,3.489292716341045,z4c_spatial_or_other
141,0.45160217472168362,0.034701370828381088,1.3957170865364181,0.0052052056242571634,2,1.8010815857707658,3.489292716341045,z4c_spatial_or_other
142,0.45680738034594076,0.034751099297667357,1.3957170865364181,0.0052126648946501037,2,1.7985042563587412,3.489292716341045,z4c_spatial_or_other
143,0.46202004524059087,0.034802336446079919,1.3957170865364181,0.0052203504669119877,2,1.7958564390305438,3.489292716341045,z4c_spatial_or_other
144,0.46724039570750286,0.034855054897044116,1.3957170865364181,0.0052282582345566176,2,1.7931401968699903,3.489292716341045,z4c_spatial_or_other
145,0.4724686539420595,0.034909226962533658,1.3957170865364181,0.0052363840443800484,2,1.7903576056576145,3.489292716341045,z4c_spatial_or_other
146,0.47770503798643954,0.034964824629986763,1.3957170865364181,0.0052447236944980144,2,1.7875107529181866,3.489292716341045,z4c_spatial_or_other
147,0.48294976168093756,0.035020125125838936,1.3957170865364181,0.0052530187688758405,2,1.7846880836495229,3.489292716341045,z4c_spatial_or_other
148,0.48820278044981341,0.035071257801864965,1.3957170865364181,0.0052606886702797444,2,1.7820860703968386,3.489292716341045,z4c_spatial_or_other
149,0.49346346912009315,0.035123890599552017,1.3957170865364181,0.0052685835899328026,2,1.7794156322989216,3.489292716341045,z4c_spatial_or_other
150,0.49873205271002596,0.035177998782320037,1.3957170865364181,0.0052766998173480054,2,1.7766786674463022,3.489292716341045,z4c_spatial_or_other
151,0.50400875252737398,0.035233557198787541,1.3957170865364181,0.0052850335798181308,2,1.7738770924370575,3.489292716341045,z4c_spatial_or_other
152,0.50929378610719211,0.035290540265782051,1.3957170865364181,0.0052935810398673077,2,1.7710128416651199,3.489292716341045,z4c_spatial_or_other
153,0.51458736714705944,0.03534892195357426,1.3957170865364181,0.0053023382930361389,2,1.768087866500845,3.489292716341045,z4c_spatial_or_other
154,0.51988970544009561,0.035408675773428634,1.3957170865364181,0.0053113013660142953,2,1.7651041343630598,3.489292716341045,z4c_spatial_or_other
155,0.52520100680610993,0.035469774767557555,1.3957170865364181,0.0053204662151336334,2,1.7620636276823964,3.489292716341045,z4c_spatial_or_other
156,0.53052147302124353,0.035532191501561165,1.3957170865364181,0.0053298287252341748,2,1.7589683427562852,3.489292716341045,z4c_spatial_or_other
157,0.53585130174647766,0.035595898059428595,1.3957170865364181,0.0053393847089142892,2,1.7558202884965586,3.489292716341045,z4c_spatial_or_other
158,0.54119068645539192,0.03566086604116879,1.3957170865364181,0.0053491299061753182,2,1.7526214850712458,3.489292716341045,z4c_spatial_or_other
159,0.54653981636156723,0.0357227101976672,1.3957170865364181,0.0053584065296500795,2,1.7495872976648181,3.489292716341045,z4c_spatial_or_other
160,0.55189822289121726,0.035782873281420255,1.3957170865364181,0.0053674309922130377,2,1.7466456510761037,3.489292716341045,z4c_spatial_or_other
161,0.5572656538834303,0.035844395223958957,1.3957170865364181,0.0053766592835938435,2,1.7436477756004658,3.489292716341045,z4c_spatial_or_other
162,0.56264231316702418,0.035907250636646203,1.3957170865364181,0.0053860875954969299,2,1.7405955313162791,3.489292716341045,z4c_spatial_or_other
163,0.56802840076252115,0.035971413529667651,1.3957170865364181,0.0053957120294501476,2,1.7374907980319632,3.489292716341045,z4c_spatial_or_other
164,0.57342411279197125,0.036036857305733097,1.3957170865364181,0.0054055285958599644,2,1.734335474088549,3.489292716341045,z4c_spatial_or_other
165,0.57882964138783122,0.036103554756629901,1.3957170865364181,0.0054155332134944853,2,1.73113147503911,3.489292716341045,z4c_spatial_or_other
166,0.58424517460132575,0.036171478062715562,1.3957170865364181,0.0054257217094073338,2,1.7278807322066017,3.489292716341045,z4c_spatial_or_other
167,0.58967089631073311,0.036240598795425995,1.3957170865364181,0.0054360898193138987,2,1.7245851911224011,3.489292716341045,z4c_spatial_or_other
168,0.59510698613004698,0.036310887922863661,1.3957170865364181,0.0054466331884295491,2,1.7212468098486238,3.489292716341045,z4c_spatial_or_other
169,0.60055361931847651,0.036379353419197999,1.3957170865364181,0.0054569030128796998,2,1.7180074444923394,3.489292716341045,z4c_spatial_or_other
170,0.60601052233135622,0.036444378237665706,1.3957170865364181,0.0054666567356498556,2,1.7149421398388818,3.489292716341045,z4c_spatial_or_other
171,0.61147717906700605,0.036510684754893628,1.3957170865364181,0.0054766027132340444,2,1.7118276586588246,3.489292716341045,z4c_spatial_or_other
172,0.61695378178024007,0.036578246828048507,1.3957170865364181,0.0054867370242072762,2,1.7086658169760742,3.489292716341045,z4c_spatial_or_other
173,0.6224405188044474,0.036647037578064402,1.3957170865364181,0.0054970556367096605,2,1.7054584525929115,3.489292716341045,z4c_spatial_or_other
174,0.62793757444115705,0.036717029391067038,1.3957170865364181,0.0055075544086600559,2,1.7022074235451561,3.489292716341045,z4c_spatial_or_other
175,0.63344512884981707,0.036788193923201318,1.3957170865364181,0.0055182290884801975,2,1.6989146064216798,3.489292716341045,z4c_spatial_or_other
176,0.63896335793829728,0.036860502108945245,1.3957170865364181,0.0055290753163417866,2,1.6955818945513661,3.489292716341045,z4c_spatial_or_other
177,0.64449243325463912,0.036933924172976064,1.3957170865364181,0.0055400886259464096,2,1.6922111960615929,3.489292716341045,z4c_spatial_or_other
178,0.65003252188058558,0.037006414127090839,1.3957170865364181,0.0055509621190636257,2,1.6888964109128957,3.489292716341045,z4c_spatial_or_other
179,0.65558348399964916,0.037074064260242325,1.3957170865364181,0.0055611096390363489,2,1.6858146320640672,3.489292716341045,z4c_spatial_or_other
180,0.6611445936386855,0.037142953722896083,1.3957170865364181,0.0055714430584344124,2,1.682687932313607,3.489292716341045,z4c_spatial_or_other
181,0.66671603669711987,0.037213055637696654,1.3957170865364181,0.0055819583456544978,2,1.6795180865687307,3.489292716341045,z4c_spatial_or_other
182,0.67229799504277432,0.037284342273961081,1.3957170865364181,0.0055926513410941622,2,1.6763068942119765,3.489292716341045,z4c_spatial_or_other
183,0.67789064638386853,0.037356785055141187,1.3957170865364181,0.0056035177582711782,2,1.6730561772846806,3.489292716341045,z4c_spatial_or_other
184,0.6834941641421397,0.037430354570226511,1.3957170865364181,0.0056145531855339766,2,1.6697677785215215,3.489292716341045,z4c_spatial_or_other
185,0.68910871732767365,0.037505020589163739,1.3957170865364181,0.005625753088374561,2,1.6664435592406532,3.489292716341045,z4c_spatial_or_other
186,0.69473447041604819,0.037580752082345563,1.3957170865364181,0.0056371128123518339,2,1.6630853970950952,3.489292716341045,z4c_spatial_or_other
187,0.70037158322839999,0.037650360199784405,1.3957170865364181,0.0056475540299676602,2,1.6600106790042846,3.489292716341045,z4c_spatial_or_other
188,0.70601913725836762,0.03771990098108547,1.3957170865364181,0.00565798514716282,2,1.6569502669516665,3.489292716341045,z4c_spatial_or_other
189,0.71167712240553049,0.037790644538615546,1.3957170865364181,0.0056685966807923319,2,1.6538484792482366,3.489292716341045,z4c_spatial_or_other
190,0.71734571908632283,0.037862562753763498,1.3957170865364181,0.0056793844130645244,2,1.6507070693144659,3.489292716341045,z4c_spatial_or_other
191,0.72302510349938731,0.037935626552157681,1.3957170865364181,0.0056903439828236519,2,1.6475278169999055,3.489292716341045,z4c_spatial_or_other
192,0.72871544748221095,0.038009805918533139,1.3957170865364181,0.0057014708877799703,2,1.6443125264558567,3.489292716341045,z4c_spatial_or_other
193,0.7344169183699909,0.038085069916130088,1.3957170865364181,0.0057127604874195126,2,1.6410630238472927,3.489292716341045,z4c_spatial_or_other
194,0.74012967885741043,0.038161386710679548,1.3957170865364181,0.0057242080066019323,2,1.6377811549104226,3.489292716341045,z4c_spatial_or_other
195,0.74585388686401233,0.038230490431270706,1.3957170865364181,0.0057345735646906057,2,1.6348207751182287,3.489292716341045,z4c_spatial_or_other
196,0.75158846042870298,0.038300114953542276,1.3957170865364181,0.0057450172430313414,2,1.6318488880728421,3.489292716341045,z4c_spatial_or_other
197,0.75733347767173431,0.038370937108634172,1.3957170865364181,0.0057556405662951256,2,1.6288369456042382,3.489292716341045,z4c_spatial_or_other
198,0.76308911823802938,0.038442928173774857,1.3957170865364181,0.0057664392260662282,2,1.6257866652997699,3.489292716341045,z4c_spatial_or_other
199,0.76885555746409562,0.03851605836752503,1.3957170865364181,0.0057774087551287542,2,1.6226997945536692,3.489292716341045,z4c_spatial_or_other
200,0.77463296621922439,0.038590296868454846,1.3957170865364181,0.0057885445302682265,2,1.6195781082754468,3.489292716341045,z4c_spatial_or_other
201,0.78042151074949262,0.038665611838905302,1.3957170865364181,0.0057998417758357949,2,1.6164234064211176,3.489292716341045,z4c_spatial_or_other
202,0.78622135252532843,0.038739225652090377,1.3957170865364181,0.0058108838478135565,2,1.6133518145484018,3.489292716341045,z4c_spatial_or_other
203,0.79203223637314202,0.038807244158361877,1.3957170865364181,0.0058210866237542814,2,1.610524049194382,3.489292716341045,z4c_spatial_or_other
204,0.79785332299689626,0.038876486330446956,1.3957170865364181,0.0058314729495670429,2,1.6076555753715782,3.489292716341045,z4c_spatial_or_other
205,0.80368479594646336,0.038946923841175131,1.3957170865364181,0.0058420385761762698,2,1.6047480477501612,3.489292716341045,z4c_spatial_or_other
206,0.80952683452263963,0.03901852719172047,1.3957170865364181,0.0058527790787580702,2,1.6018031560469095,3.489292716341045,z4c_spatial_or_other
207,0.81537961360139766,0.039091265728941116,1.3957170865364181,0.0058636898593411669,2,1.5988226227662996,3.489292716341045,z4c_spatial_or_other
208,0.82124330346073882,0.039165107668293113,1.3957170865364181,0.0058747661502439666,2,1.5958082007418586,3.489292716341045,z4c_spatial_or_other
209,0.82711806961098278,0.039240020122415301,1.3957170865364181,0.0058860030183622951,2,1.5927616704838989,3.489292716341045,z4c_spatial_or_other
210,0.83300407262934506,0.039307827907500537,1.3957170865364181,0.0058961741861250803,2,1.5900140843975263,3.489292716341045,z4c_spatial_or_other
211,0.83890024681547015,0.039375091560426019,1.3957170865364181,0.0059062637340639027,2,1.5872978962877053,3.489292716341045,z4c_spatial_or_other
212,0.84480651054953404,0.039443578709674305,1.3957170865364181,0.0059165368064511455,2,1.5845418201029171,3.489292716341045,z4c_spatial_or_other
213,0.85072304735598514,0.039513260210681918,1.3957170865364181,0.0059269890316022873,2,1.5817474859516629,3.489292716341045,z4c_spatial_or_other
214,0.85665003638758741,0.039584105655759171,1.3957170865364181,0.0059376158483638751,2,1.5789165617009906,3.489292716341045,z4c_spatial_or_other
215,0.86258765223595124,0.039656083395498143,1.3957170865364181,0.0059484125093247214,2,1.5760507505664354,3.489292716341045,z4c_spatial_or_other
216,0.868536064745276,0.039729160566366883,1.3957170865364181,0.0059593740849550325,2,1.573151788485307,3.489292716341045,z4c_spatial_or_other
217,0.87449543883023106,0.039798773752271054,1.3957170865364181,0.0059698160628406582,2,1.57040014320626,3.489292716341045,z4c_spatial_or_other
218,0.8804652548930717,0.039863739691424496,1.3957170865364181,0.0059795609537136741,2,1.5678408619913053,3.489292716341045,z4c_spatial_or_other
219,0.88644481584678536,0.039929957739112912,1.3957170865364181,0.0059894936608669369,2,1.5652408251556669,3.489292716341045,z4c_spatial_or_other
220,0.89243430950765235,0.039997399196547531,1.3957170865364181,0.0059996098794821298,2,1.5626016004909349,3.489292716341045,z4c_spatial_or_other
221,0.89843391938713446,0.040066033999530945,1.3957170865364181,0.0060099050999296412,2,1.5599247981652411,3.489292716341045,z4c_spatial_or_other
222,0.90444382448706406,0.040135830737691017,1.3957170865364181,0.006020374610653652,2,1.5572120684001962,3.489292716341045,z4c_spatial_or_other
223,0.9104641990977177,0.040206756680390192,1.3957170865364181,0.0060310135020585284,2,1.5544650989091782,3.489292716341045,z4c_spatial_or_other
224,0.91649521259977618,0.040277913553986786,1.3957170865364181,0.0060416870330980178,2,1.5517189070935287,3.489292716341045,z4c_spatial_or_other
225,0.92253689963287422,0.040340334568472837,1.3957170865364181,0.006051050185270925,2,1.549317839541311,3.489292716341045,z4c_spatial_or_other
226,0.92858794981814519,0.040404035631542524,1.3957170865364181,0.0060606053447313782,2,1.5468751827158487,3.489292716341045,z4c_spatial_or_other
227,0.93464855516287659,0.040468988594433694,1.3957170865364181,0.0060703482891650536,2,1.5443924390192583,3.489292716341045,z4c_spatial_or_other
228,0.94071890345204168,0.04053516384821422,1.3957170865364181,0.0060802745772321328,2,1.5418711574482371,3.489292716341045,z4c_spatial_or_other
229,0.94679917802927382,0.040602530340206028,1.3957170865364181,0.006090379551030904,2,1.5393129313940896,3.489292716341045,z4c_spatial_or_other
230,0.95288955758030469,0.040671055597532133,1.3957170865364181,0.00610065833962982,2,1.5367193961838654,3.489292716341045,z4c_spatial_or_other
231,0.9589902159199345,0.040740705757981562,1.3957170865364181,0.0061111058636972339,2,1.5340922263663914,3.489292716341045,z4c_spatial_or_other
232,0.96510132178363173,0.040803516350985163,1.3957170865364181,0.006120527452647774,2,1.5317307327727649,3.489292716341045,z4c_spatial_or_other
233,0.97122184923627952,0.040864515236837193,1.3957170865364181,0.0061296772855255789,2,1.5294443024166737,3.489292716341045,z4c_spatial_or_other
234,0.97735152652180513,0.040926792984334694,1.3957170865364181,0.0061390189476502035,2,1.5271169677018857,3.489292716341045,z4c_spatial_or_other
235,0.98349054546945536,0.04099032056061571,1.3957170865364181,0.0061485480840923565,2,1.5247502128600381,3.489292716341045,z4c_spatial_or_other
236,0.98963909355354773,0.041055067399214981,1.3957170865364181,0.006158260109882247,2,1.5223455704567925,3.489292716341045,z4c_spatial_or_other
237,0.99579735366343003,0.041121001420595785,1.3957170865364181,0.0061681502130893672,2,1.5199046190712751,3.489292716341045,z4c_spatial_or_other
238,1.0019655038765194,0.041188089060454035,1.3957170865364181,0.0061782133590681052,2,1.5174289807003498,3.489292716341045,z4c_spatial_or_other
239,1.0081437172355876,0.041252514139558834,1.3957170865364181,0.0061878771209338251,2,1.5150591740556736,3.489292716341045,z4c_spatial_or_other
240,1.0143315943565214,0.041310679892896773,1.3957170865364181,0.0061966019839345158,2,1.5129259591475921,3.489292716341045,z4c_spatial_or_other
241,1.020528196340456,0.041370149144152768,1.3957170865364181,0.0062055223716229154,2,1.5107511404472109,3.489292716341045,z4c_spatial_or_other
242,1.0267337187120789,0.041430893560737245,1.3957170865364181,0.0062146340341105869,2,1.5085361339932404,3.489292716341045,z4c_spatial_or_other
243,1.0329483527461893,0.041492883195001856,1.3957170865364181,0.0062239324792502781,2,1.5062824076666868,3.489292716341045,z4c_spatial_or_other
244,1.0391722852254397,0.041556086501168772,1.3957170865364181,0.0062334129751753153,2,1.5039914790398314,3.489292716341045,z4c_spatial_or_other
245,1.045405698200615,0.041620470360431476,1.3957170865364181,0.0062430705540647211,2,1.5016649129323312,3.489292716341045,z4c_spatial_or_other
246,1.0516487687546798,0.041686000114478809,1.3957170865364181,0.0062529000171718209,2,1.4993043186768082,3.489292716341045,z4c_spatial_or_other
247,1.0579016687718517,0.0417422498795618,1.3957170865364181,0.0062613374819342699,2,1.4972839312765887,3.489292716341045,z4c_spatial_or_other
248,1.0641630062537859,0.041798822534601161,1.3957170865364181,0.0062698233801901744,2,1.4952574309542417,3.489292716341045,z4c_spatial_or_other
249,1.070432829633976,0.041856692868172993,1.3957170865364181,0.0062785039302259487,2,1.4931901141077435,3.489292716341045,z4c_spatial_or_other
250,1.076711333564202,0.041915831683941904,1.3957170865364181,0.0062873747525912854,2,1.4910833804102701,3.489292716341045,z4c_spatial_or_other
251,1.0829987083167933,0.041976208110782419,1.3957170865364181,0.0062964312166173628,2,1.4889386824806037,3.489292716341045,z4c_spatial_or_other
252,1.0892951395334107,0.042037789624095497,1.3957170865364181,0.0063056684436143245,2,1.4867575236205055,3.489292716341045,z4c_spatial_or_other
253,1.095600807977025,0.042100542075947531,1.3957170865364181,0.0063150813113921293,2,1.4845414552442755,3.489292716341045,z4c_spatial_or_other
254,1.1019158892884171,0.042159260965846546,1.3957170865364181,0.006323889144876982,2,1.4824738045249797,3.489292716341045,z4c_spatial_or_other
255,1.108239778433294,0.042212886519082241,1.3957170865364181,0.0063319329778623356,2,1.4805905294286619,3.489292716341045,z4c_spatial_or_other
256,1.1145717114111564,0.042267828995694437,1.3957170865364181,0.006340174349354165,2,1.4786659614423654,3.489292716341045,z4c_spatial_or_other
257,1.1209118857605105,0.04232406007830479,1.3957170865364181,0.006348609011745718,2,1.4767014290303719,3.489292716341045,z4c_spatial_or_other
258,1.1272604947722562,0.042381549706873897,1.3957170865364181,0.0063572324560310844,2,1.4746983164200593,3.489292716341045,z4c_spatial_or_other
259,1.1336177272282872,0.042440266095739899,1.3957170865364181,0.0063660399143609849,2,1.4726580615448515,3.489292716341045,z4c_spatial_or_other
260,1.1399837671426483,0.042500175759812818,1.3957170865364181,0.0063750263639719227,2,1.4705821536648456,3.489292716341045,z4c_spatial_or_other
261,1.1463587935066202,0.042561243550233392,1.3957170865364181,0.0063841865325350083,2,1.4684721306658641,3.489292716341045,z4c_spatial_or_other
262,1.1527429800391551,0.042612638537189412,1.3957170865364181,0.0063918957805784117,2,1.4667010104397606,3.489292716341045,z4c_spatial_or_other
263,1.1591348758197335,0.042664630265923792,1.3957170865364181,0.0063996945398885688,2,1.4649136676081476,3.489292716341045,z4c_spatial_or_other
264,1.165534570359622,0.042717927279281816,1.3957170865364181,0.0064076890918922718,2,1.4630859683660842,3.489292716341045,z4c_spatial_or_other
265,1.1719422594515143,0.042772500455947764,1.3957170865364181,0.006415875068392164,2,1.461219225758615,3.489292716341045,z4c_spatial_or_other
266,1.1783581345199066,0.042828318885478237,1.3957170865364181,0.0064242478328217353,2,1.4593148091365273,3.489292716341045,z4c_spatial_or_other
267,1.1847823823527284,0.042885349890079298,1.3957170865364181,0.0064328024835118942,2,1.4573741419901105,3.489292716341045,z4c_spatial_or_other
268,1.1912151848362402,0.042943559056177159,1.3957170865364181,0.0064415338584265739,2,1.4553986994473336,3.489292716341045,z4c_spatial_or_other
269,1.1976567186946667,0.042998514185187749,1.3957170865364181,0.0064497771277781625,2,1.4535385974227495,3.489292716341045,z4c_spatial_or_other
270,1.2041064958224448,0.04304755766101602,1.3957170865364181,0.0064571336491524032,2,1.4518826013815915,3.489292716341045,z4c_spatial_or_other
271,1.2105636294715971,0.043097919483434999,1.3957170865364181,0.0064646879225152493,2,1.450186012436687,3.489292716341045,z4c_spatial_or_other
272,1.2170283173941123,0.043149571585487802,1.3957170865364181,0.0064724357378231701,2,1.4484500703830903,3.489292716341045,z4c_spatial_or_other
273,1.2235007531319355,0.043202484056423789,1.3957170865364181,0.0064803726084635685,2,1.4466760734955206,3.489292716341045,z4c_spatial_or_other
274,1.229981125740399,0.043256625158683108,1.3957170865364181,0.0064884937738024662,2,1.4448653765920081,3.489292716341045,z4c_spatial_or_other
275,1.2364696195142015,0.043311961354933509,1.3957170865364181,0.0064967942032400266,2,1.4430193887509288,3.489292716341045,z4c_spatial_or_other
276,1.2429664137174417,0.043368457345520146,1.3957170865364181,0.0065052686018280221,2,1.441139570680535,3.489292716341045,z4c_spatial_or_other
277,1.2494716823192697,0.043417157454336754,1.3957170865364181,0.0065125736181505132,2,1.4395230748519936,3.489292716341045,z4c_spatial_or_other
278,1.2559842559374204,0.04346460401887034,1.3957170865364181,0.006519690602830551,2,1.4379516714995348,3.489292716341045,z4c_spatial_or_other
279,1.262503946540251,0.04351335139582381,1.3957170865364181,0.0065270027093735717,2,1.4363407550814031,3.489292716341045,z4c_spatial_or_other
280,1.2690309492496246,0.043563370783923867,1.3957170865364181,0.0065345056175885796,2,1.4346915510740113,3.489292716341045,z4c_spatial_or_other
281,1.2755654548672131,0.043614631504249525,1.3957170865364181,0.0065421947256374289,2,1.4330053434914476,3.489292716341045,z4c_spatial_or_other
282,1.2821076495928505,0.043667101022383435,1.3957170865364181,0.0065500651533575149,2,1.4312834728360593,3.489292716341045,z4c_spatial_or_other
283,1.2886577147462079,0.043720744981229187,1.3957170865364181,0.0065581117471843779,2,1.4295273336909833,3.489292716341045,z4c_spatial_or_other
284,1.2952158264933924,0.0437740131151131,1.3957170865364181,0.0065661019672669648,2,1.427787756988214,3.489292716341045,z4c_spatial_or_other
285,1.3017819284606593,0.04381858184499561,1.3957170865364181,0.0065727872767493414,2,1.4263355263547384,3.489292716341045,z4c_spatial_or_other
286,1.3083547157374087,0.043864458337729839,1.3957170865364181,0.0065796687506594759,2,1.42484376573826,3.489292716341045,z4c_spatial_or_other
287,1.3149343844880681,0.043911614994949458,1.3957170865364181,0.0065867422492424188,2,1.4233136268658875,3.489292716341045,z4c_spatial_or_other
288,1.3215211267373106,0.04396002229845615,1.3957170865364181,0.0065940033447684223,2,1.4217463215935393,3.489292716341045,z4c_spatial_or_other
289,1.328115130082079,0.044009648827231539,1.3957170865364181,0.0066014473240847303,2,1.4201431200997749,3.489292716341045,z4c_spatial_or_other
290,1.3347165774061638,0.044060461285296906,1.3957170865364181,0.0066090691927945359,2,1.4185053487140049,3.489292716341045,z4c_spatial_or_other
291,1.3413256465989583,0.044112424540825167,1.3957170865364181,0.0066168636811237752,2,1.4168343873766789,3.489292716341045,z4c_spatial_or_other
292,1.3479425102800819,0.044160460262706008,1.3957170865364181,0.0066240690394059011,2,1.4152932199572643,3.489292716341045,z4c_spatial_or_other
293,1.3545665793194879,0.044203514290536081,1.3957170865364181,0.0066305271435804121,2,1.4139147306073168,3.489292716341045,z4c_spatial_or_other
294,1.3611971064630684,0.044247853195615659,1.3957170865364181,0.0066371779793423487,2,1.4124979063660623,3.489292716341045,z4c_spatial_or_other
295,1.3678342844424107,0.044293448705322501,1.3957170865364181,0.0066440173057983748,2,1.4110438863273638,3.489292716341045,z4c_spatial_or_other
296,1.3744783017482092,0.044340270605293691,1.3957170865364181,0.0066510405907940539,2,1.4095538693563647,3.489292716341045,z4c_spatial_or_other
297,1.3811293423390032,0.044388286762093568,1.3957170865364181,0.0066582430143140347,2,1.408029112161485,3.489292716341045,z4c_spatial_or_other
298,1.3877875853533173,0.044437463157310668,1.3957170865364181,0.0066656194735965997,2,1.4064709269911992,3.489292716341045,z4c_spatial_or_other
299,1.3944532048269138,0.044487763933457374,1.3957170865364181,0.0066731645900186057,2,1.4048806789544301,3.489292716341045,z4c_spatial_or_other
300,1.4011263694169325,0.04453112985441033,1.3957170865364181,0.0066796694781615495,2,1.4035125586154433,3.489292716341045,z4c_spatial_or_other
301,1.4078060388950939,0.044572708281564281,1.3957170865364181,0.0066859062422346422,2,1.4022033304592942,3.489292716341045,z4c_spatial_or_other
302,1.4144919451373286,0.04461554599167545,1.3957170865364181,0.0066923318987513174,2,1.4008570019889817,3.489292716341045,z4c_spatial_or_other
303,1.4211842770360799,0.044659614052643647,1.3957170865364181,0.006698942107896547,2,1.3994747004827794,3.489292716341045,z4c_spatial_or_other
304,1.4278832191439763,0.044704881577337471,1.3957170865364181,0.0067057322366006209,2,1.3980576123857471,3.489292716341045,z4c_spatial_or_other
305,1.434588951380577,0.044751315752464514,1.3957170865364181,0.0067126973628696771,2,1.396606981249664,3.489292716341045,z4c_spatial_or_other
306,1.4413016487434467,0.044798881879416566,1.3957170865364181,0.0067198322819124849,2,1.3951241052897001,3.489292716341045,z4c_spatial_or_other
307,1.4480214810253591,0.044847543427420929,1.3957170865364181,0.0067271315141131391,2,1.393610334558167,3.489292716341045,z4c_spatial_or_other
308,1.4547486125394722,0.044886775157247365,1.3957170865364181,0.0067330162735871049,2,1.3923922977547392,3.489292716341045,z4c_spatial_or_other
309,1.4614816288130592,0.0449269194301017,1.3957170865364181,0.006739037914515255,2,1.3911481310718152,3.489292716341045,z4c_spatial_or_other
310,1.4682206667275746,0.044968294902866503,1.3957170865364181,0.0067452442354299751,2,1.3898681312022783,3.489292716341045,z4c_spatial_or_other
311,1.4749659109630044,0.04501087200099866,1.3957170865364181,0.0067516308001497986,2,1.3885534143531657,3.489292716341045,z4c_spatial_or_other
312,1.4817175417631543,0.045054619190505123,1.3957170865364181,0.0067581928785757682,2,1.3872051550525888,3.489292716341045,z4c_spatial_or_other
313,1.4884757346417301,0.045099503013538371,1.3957170865364181,0.0067649254520307555,2,1.3858245839480359,3.489292716341045,z4c_spatial_or_other
314,1.4952406600937609,0.045145488136467488,1.3957170865364181,0.0067718232204701228,2,1.3844129852151037,3.489292716341045,z4c_spatial_or_other
315,1.502012483314231,0.045190611715009751,1.3957170865364181,0.0067785917572514625,2,1.3830306257890519,3.489292716341045,z4c_spatial_or_other
316,1.5087910750714824,0.045228135519729908,1.3957170865364181,0.0067842203279594856,2,1.3818831858044551,3.489292716341045,z4c_spatial_or_other
317,1.5155752953994419,0.045266888382542274,1.3957170865364181,0.0067900332573813411,2,1.3807001592825161,3.489292716341045,z4c_spatial_or_other
318,1.5223653286568233,0.045306842090823474,1.3957170865364181,0.0067960263136235205,2,1.3794825928214243,3.489292716341045,z4c_spatial_or_other
319,1.5291613549704468,0.045347966446883534,1.3957170865364181,0.0068021949670325297,2,1.3782315922193951,3.489292716341045,z4c_spatial_or_other
320,1.5359635499374793,0.045390229298183163,1.3957170865364181,0.0068085343947274744,2,1.3769483205166733,3.489292716341045,z4c_spatial_or_other
321,1.5427720843322068,0.045433596580130166,1.3957170865364181,0.0068150394870195247,2,1.3756339956439552,3.489292716341045,z4c_spatial_or_other
322,1.5495871238192263,0.045478032371795755,1.3957170865364181,0.006821704855769363,2,1.3742898876768646,3.489292716341045,z4c_spatial_or_other
323,1.5564088286749955,0.045519721074157755,1.3957170865364181,0.0068279581611236633,2,1.3730312604108246,3.489292716341045,z4c_spatial_or_other
324,1.5632367868361192,0.045555928617286905,1.3957170865364181,0.0068333892925930353,2,1.3719399844762117,3.489292716341045,z4c_spatial_or_other
325,1.5700701761287124,0.045593333406184808,1.3957170865364181,0.006839000010927721,2,1.3708144443661532,3.489292716341045,z4c_spatial_or_other
326,1.5769091761396401,0.045631906619753276,1.3957170865364181,0.0068447859929629913,2,1.3696556780063363,3.489292716341045,z4c_spatial_or_other
327,1.5837539621326031,0.045671617458481868,1.3957170865364181,0.0068507426187722799,2,1.3684647813670296,3.489292716341045,z4c_spatial_or_other
328,1.5906047047513754,0.045712433181882978,1.3957170865364181,0.0068568649772824466,2,1.3672429063515781,3.489292716341045,z4c_spatial_or_other
329,1.5974615697286578,0.045754319158950882,1.3957170865364181,0.0068631478738426319,2,1.3659912582869933,3.489292716341045,z4c_spatial_or_other
330,1.6043247176025004,0.045797238931918581,1.3957170865364181,0.0068695858397877872,2,1.364711093018325,3.489292716341045,z4c_spatial_or_other
331,1.6111943034422882,0.045835904530110112,1.3957170865364181,0.0068753856795165163,2,1.363559869511096,3.489292716341045,z4c_spatial_or_other
332,1.6180696891218047,0.045870841008388091,1.3957170865364181,0.0068806261512582133,2,1.3625213452827483,3.489292716341045,z4c_spatial_or_other
333,1.6249503152730629,0.045906941032601428,1.3957170865364181,0.0068860411548902142,2,1.361449893941197,3.489292716341045,z4c_spatial_or_other
334,1.631836356427953,0.045944175188661056,1.3957170865364181,0.0068916262782991585,2,1.3603465454185559,3.489292716341045,z4c_spatial_or_other
335,1.6387279827062522,0.045982512099739942,1.3957170865364181,0.0068973768149609913,2,1.3592123863183516,3.489292716341045,z4c_spatial_or_other
336,1.6456253595212131,0.046021918471385891,1.3957170865364181,0.0069032877707078831,2,1.3580485576423622,3.489292716341045,z4c_spatial_or_other
337,1.6525286472919209,0.046062359150038083,1.3957170865364181,0.0069093538725057127,2,1.3568562521172631,3.489292716341045,z4c_spatial_or_other
338,1.6594380011644267,0.046103797195141877,1.3957170865364181,0.006915569579271281,2,1.3556367111250838,3.489292716341045,z4c_spatial_or_other
339,1.6663535707436981,0.046139813055552995,1.3957170865364181,0.0069209719583329492,2,1.3545785268949639,3.489292716341045,z4c_spatial_or_other
340,1.673274542702031,0.04617352296055563,1.3957170865364181,0.0069260284440833446,2,1.3535895897177153,3.489292716341045,z4c_spatial_or_other
341,1.6802005711461143,0.046208361008270978,1.3957170865364181,0.0069312541512406463,2,1.3525690727012138,3.489292716341045,z4c_spatial_or_other
342,1.6871318252973551,0.046244297210747208,1.3957170865364181,0.006936644581612081,2,1.3515179983203411,3.489292716341045,z4c_spatial_or_other
343,1.6940684698789672,0.046281299642176851,1.3957170865364181,0.0069421949463265272,2,1.350437444134408,3.489292716341045,z4c_spatial_or_other
344,1.7010106648252936,0.046319334492093432,1.3957170865364181,0.0069479001738140143,2,1.3493285403456856,3.489292716341045,z4c_spatial_or_other
345,1.7079585649991076,0.046358366132274995,1.3957170865364181,0.0069537549198412487,2,1.3481924669576975,3.489292716341045,z4c_spatial_or_other
346,1.7149123199189489,0.046398357197458169,1.3957170865364181,0.0069597535796187254,2,1.3470304505398292,3.489292716341045,z4c_spatial_or_other
347,1.7218720734985675,0.04643205940062712,1.3957170865364181,0.0069648089100940681,2,1.3460527232000368,3.489292716341045,z4c_spatial_or_other
348,1.7288368824086615,0.046464586162620933,1.3957170865364181,0.0069696879243931397,2,1.3451104413425072,3.489292716341045,z4c_spatial_or_other
349,1.7358065703330547,0.046498204138708393,1.3957170865364181,0.006974730620806259,2,1.3441379330168706,3.489292716341045,z4c_spatial_or_other
350,1.7427813009538611,0.04653288279049006,1.3957170865364181,0.0069799324185735086,2,1.3431362136190956,3.489292716341045,z4c_spatial_or_other
351,1.7497612333724346,0.04656858967594836,1.3957170865364181,0.0069852884513922535,2,1.3421063518331082,3.489292716341045,z4c_spatial_or_other
352,1.756746521823827,0.046605290511068223,1.3957170865364181,0.0069907935766602329,2,1.3410494670161313,3.489292716341045,z4c_spatial_or_other
353,1.7637373154004872,0.046642949245380851,1.3957170865364181,0.0069964423868071274,2,1.3399667261861556,3.489292716341045,z4c_spatial_or_other
354,1.7707337577872944,0.046681528151431152,1.3957170865364181,0.0070022292227146727,2,1.3388593406208766,3.489292716341045,z4c_spatial_or_other
355,1.7777359870100091,0.046713217713359512,1.3957170865364181,0.0070069826570039262,2,1.3379510780762514,3.489292716341045,z4c_spatial_or_other
356,1.784742969667013,0.046744603464515165,1.3957170865364181,0.0070116905196772744,2,1.3370527369527285,3.489292716341045,z4c_spatial_or_other
357,1.7917546601866903,0.04677704214881423,1.3957170865364181,0.0070165563223221344,2,1.3361255250207038,3.489292716341045,z4c_spatial_or_other
358,1.7987712165090124,0.046810502705703375,1.3957170865364181,0.0070215754058555058,2,1.3351704508053708,3.489292716341045,z4c_spatial_or_other
359,1.805792791914868,0.046844952214699129,1.3957170865364181,0.0070267428322048691,2,1.3341885741189548,3.489292716341045,z4c_spatial_or_other
360,1.8128195347470728,0.046880355965695904,1.3957170865364181,0.0070320533948543852,2,1.3331810032699745,3.489292716341045,z4c_spatial_or_other
361,1.8198515881419273,0.046916677543315681,1.3957170865364181,0.0070375016314973516,2,1.3321488918795894,3.489292716341045,z4c_spatial_or_other
362,1.8268890897734247,0.046953878925185259,1.3957170865364181,0.0070430818387777882,2,1.3310934353173549,3.489292716341045,z4c_spatial_or_other
363,1.8339321716122026,0.046983824684226759,1.3957170865364181,0.0070475737026340132,2,1.3302450453971295,3.489292716341045,z4c_spatial_or_other
364,1.8409797453148367,0.047014110125617632,1.3957170865364181,0.0070521165188426448,2,1.3293881312015778,3.489292716341045,z4c_spatial_or_other
365,1.8480318618336793,0.047045409036114968,1.3957170865364181,0.0070568113554172448,2,1.328503700584708,3.489292716341045,z4c_spatial_or_other
366,1.8550886731890965,0.047077689866693223,1.3957170865364181,0.0070616534800039829,2,1.3275927552302824,3.489292716341045,z4c_spatial_or_other
367,1.8621503266691006,0.047110919261568247,1.3957170865364181,0.0070666378892352364,2,1.3266563459097205,3.489292716341045,z4c_spatial_or_other
368,1.8692169645583359,0.047145062137368389,1.3957170865364181,0.007071759320605258,2,1.3256955695146044,3.489292716341045,z4c_spatial_or_other
369,1.8762887238789412,0.047180081776357317,1.3957170865364181,0.0070770122664535976,2,1.3247115657039776,3.489292716341045,z4c_spatial_or_other
370,1.8833657361453948,0.047215939933470945,1.3957170865364181,0.007082390990020641,2,1.3237055131818805,3.489292716341045,z4c_spatial_or_other
371,1.8904481271354154,0.047244381761456289,1.3957170865364181,0.0070866572642184428,2,1.3229086225653568,3.489292716341045,z4c_spatial_or_other
372,1.897534784399634,0.047273606113327434,1.3957170865364181,0.0070910409169991145,2,1.3220908058118275,3.489292716341045,z4c_spatial_or_other
373,1.904625825316633,0.047303803453455424,1.3957170865364181,0.007095570518018313,2,1.3212468223934017,3.489292716341045,z4c_spatial_or_other
374,1.9117213958346513,0.047334941783826079,1.3957170865364181,0.0071002412675739111,2,1.3203776669976952,3.489292716341045,z4c_spatial_or_other
375,1.9188216371022251,0.047366987362282155,1.3957170865364181,0.0071050481043423231,2,1.3194843810093801,3.489292716341045,z4c_spatial_or_other
376,1.9259266852065675,0.047398332825997223,1.3957170865364181,0.007109749923899583,2,1.3186117796472316,3.489292716341045,z4c_spatial_or_other
377,1.9330364351304672,0.047401588852921006,1.3957170865364181,0.0071102383279381502,2,1.3185212038762408,3.489292716341045,z4c_spatial_or_other
378,1.9401466734584054,0.047405127133679018,1.3957170865364181,0.0071107690700518526,2,1.3184227905085992,3.489292716341045,z4c_spatial_or_other
379,1.9472574425284572,0.047407217528658722,1.3957170865364181,0.0071110826292988078,2,1.3183646553864368,3.489292716341045,z4c_spatial_or_other
380,1.9543685251577561,0.047404654429334753,1.3957170865364181,0.0071106981644002126,2,1.3184359374071084,3.489292716341045,z4c_spatial_or_other
381,1.9614792233221563,0.047402372005537187,1.3957170865364181,0.0071103558008305777,2,1.3184994200859659,3.489292716341045,z4c_spatial_or_other
382,1.9685895791229868,0.047400371285610109,1.3957170865364181,0.0071100556928415156,2,1.3185550725627726,3.489292716341045,z4c_spatial_or_other
383,1.9756996348158284,0.047398653256362812,1.3957170865364181,0.0071097979884544218,2,1.3186028654012438,3.489292716341045,z4c_spatial_or_other
384,1.9828094328042829,0.047397218863589489,1.3957170865364181,0.0071095828295384229,2,1.3186427705785171,3.489292716341045,z4c_spatial_or_other
385,1.9899190156338213,0.047396069012592572,1.3957170865364181,0.0071094103518888853,2,1.3186747614743006,3.489292716341045,z4c_spatial_or_other
386,1.9970284259857103,0.04739520456870927,1.3957170865364181,0.0071092806853063906,2,1.3186988128597097,3.489292716341045,z4c_spatial_or_other
387,2.0041377066710169,0.047394626357840808,1.3957170865364181,0.0071091939536761205,2,1.3187149008858092,3.489292716341045,z4c_spatial_or_other
388,2.0112469006246929,0.0473943351669842,1.3957170865364181,0.0071091502750476295,2,1.3187230030718671,3.489292716341045,z4c_spatial_or_other
389,2.0183560508997407,0.047394331744766552,1.3957170865364181,0.0071091497617149823,2,1.31872309829332,3.489292716341045,z4c_spatial_or_other
390,2.0254652006614555,0.047394616801982301,1.3957170865364181,0.0071091925202973446,2,1.3187151667694443,3.489292716341045,z4c_spatial_or_other
391,2.0325743931817528,0.047395191012127413,1.3957170865364181,0.0071092786518191118,2,1.3186991900508975,3.489292716341045,z4c_spatial_or_other
392,2.039683671833572,0.047396055011935237,1.3957170865364181,0.007109408251790285,2,1.3186751510070047,3.489292716341045,z4c_spatial_or_other
393,2.0467930800853624,0.047396709833618197,1.3957170865364181,0.0071095064750427289,2,1.3186569325043977,3.489292716341045,z4c_spatial_or_other
394,2.053902586560405,0.047397563851032741,1.3957170865364181,0.007109634577654911,2,1.3186331727181837,3.489292716341045,z4c_spatial_or_other
395,2.0610122211380602,0.047398706494120084,1.3957170865364181,0.0071098059741180122,2,1.3186013843595767,3.489292716341045,z4c_spatial_or_other
396,2.0681220271121781,0.047394626787789038,1.3957170865364181,0.0071091940181683549,2,1.3187148889228679,3.489292716341045,z4c_spatial_or_other
397,2.0752312211303465,0.047390202986162096,1.3957170865364181,0.007108530447924314,2,1.3188379889035282,3.489292716341045,z4c_spatial_or_other
398,2.0823397515782709,0.047386063700381342,1.3957170865364181,0.0071079095550572007,2,1.3189531925500921,3.489292716341045,z4c_spatial_or_other
399,2.0894476611333279,0.047382209708949186,1.3957170865364181,0.0071073314563423777,2,1.3190604740452931,3.489292716341045,z4c_spatial_or_other
400,2.0965549925896703,0.047378641755609012,1.3957170865364181,0.0071067962633413516,2,1.3191598088098593,3.489292716341045,z4c_spatial_or_other
401,2.1036617888530116,0.047375360549807892,1.3957170865364181,0.0071063040824711834,2,1.3192511734932524,3.489292716341045,z4c_spatial_or_other
402,2.1107680929354826,0.047372366767160883,1.3957170865364181,0.0071058550150741324,2,1.3193345459641628,3.489292716341045,z4c_spatial_or_other
403,2.1178739479505566,0.04736966104991399,1.3957170865364181,0.0071054491574870978,2,1.3194099053008419,3.489292716341045,z4c_spatial_or_other
404,2.1249793971080435,0.047367244007408611,1.3957170865364181,0.007105086601111291,2,1.3194772317811969,3.489292716341045,z4c_spatial_or_other
405,2.1320844837091548,0.047365116216546682,1.3957170865364181,0.0071047674324820021,2,1.3195365068726685,3.489292716341045,z4c_spatial_or_other
406,2.1391892511416368,0.047363278222255646,1.3957170865364181,0.0071044917333383467,2,1.3195877132219223,3.489292716341045,z4c_spatial_or_other
407,2.1462937428749753,0.047361730537953339,1.3957170865364181,0.0071042595806930006,2,1.3196308346443466,3.489292716341045,z4c_spatial_or_other
408,2.1533980024556683,0.047360473646012452,1.3957170865364181,0.0071040710469018678,2,1.3196658561133758,3.489292716341045,z4c_spatial_or_other
409,2.16050207350257,0.047359021334972468,1.3957170865364181,0.0071038532002458696,2,1.3197063249667833,3.489292716341045,z4c_spatial_or_other
410,2.1676059267028158,0.047357755548458703,1.3957170865364181,0.007103663332268805,2,1.3197415983121716,3.489292716341045,z4c_spatial_or_other
411,2.1747095900350848,0.047356780076806194,1.3957170865364181,0.0071035170115209285,2,1.3197687828149123,3.489292716341045,z4c_spatial_or_other
412,2.1818131070466058,0.047356095385076916,1.3957170865364181,0.0071034143077615373,2,1.3197878645141699,3.489292716341045,z4c_spatial_or_other
413,2.1889165213543675,0.047355701880607212,1.3957170865364181,0.0071033552820910818,2,1.3197988313545528,3.489292716341045,z4c_spatial_or_other
414,2.1960198766364587,0.047349918482674051,1.3957170865364181,0.0071024877724011077,2,1.3199600337827311,3.489292716341045,z4c_spatial_or_other
415,2.20312236440886,0.047344419680400138,1.3957170865364181,0.0071016629520600201,2,1.3201133401129013,3.489292716341045,z4c_spatial_or_other
416,2.2102240273609199,0.047339206070378358,1.3957170865364181,0.0071008809105567536,2,1.3202587281899565,3.489292716341045,z4c_spatial_or_other
417,2.2173249082714768,0.047334278220024111,1.3957170865364181,0.0071001417330036161,2,1.3203961769413912,3.489292716341045,z4c_spatial_or_other
418,2.2244250500044802,0.047329636667972595,1.3957170865364181,0.0070994455001958893,2,1.3205256663694824,3.489292716341045,z4c_spatial_or_other
419,2.2315244955046762,0.04732528192447643,1.3957170865364181,0.0070987922886714639,2,1.3206471775432842,3.489292716341045,z4c_spatial_or_other
420,2.2386232877933478,0.047321214471802833,1.3957170865364181,0.0070981821707704245,2,1.3207606925904598,3.489292716341045,z4c_spatial_or_other
421,2.2457214699641184,0.047317434764630656,1.3957170865364181,0.0070976152146945979,2,1.3208661946889431,3.489292716341045,z4c_spatial_or_other
422,2.252819085178813,0.047313943230449122,1.3957170865364181,0.0070970914845673678,2,1.3209636680583794,3.489292716341045,z4c_spatial_or_other
423,2.2599161766633804,0.047307452380920052,1.3957170865364181,0.0070961178571380071,2,1.3211449117308074,3.489292716341045,z4c_spatial_or_other
424,2.2670122945205184,0.047300834029361895,1.3957170865364181,0.0070951251044042837,2,1.3213297668536512,3.489292716341045,z4c_spatial_or_other
425,2.2741074196249227,0.047291880610193203,1.3957170865364181,0.0070937820915289804,2,1.3215799243671622,3.489292716341045,z4c_spatial_or_other
426,2.2812012017164518,0.047278489962052271,1.3957170865364181,0.0070917734943078403,2,1.3219542343709616,3.489292716341045,z4c_spatial_or_other
427,2.2882929752107595,0.047265400497008649,1.3957170865364181,0.0070898100745512968,2,1.3223203303641853,3.489292716341045,z4c_spatial_or_other
428,2.2953827852853106,0.047252612421658687,1.3957170865364181,0.007087891863248803,2,1.322678192737393,3.489292716341045,z4c_spatial_or_other
429,2.3024706771485595,0.047239669405354387,1.3957170865364181,0.0070859504108031577,2,1.3230405882754956,3.489292716341045,z4c_spatial_or_other
430,2.3095566275593624,0.04722702566296224,1.3957170865364181,0.0070840538494443359,2,1.3233947961498576,3.489292716341045,z4c_spatial_or_other
431,2.3166406814088067,0.047214687392443069,1.3957170865364181,0.0070822031088664597,2,1.323740629277224,3.489292716341045,z4c_spatial_or_other
432,2.3237228845176734,0.047202654712618225,1.3957170865364181,0.0070803982068927337,2,1.3240780710431628,3.489292716341045,z4c_spatial_or_other
433,2.3308032827245659,0.047190927714444206,1.3957170865364181,0.0070786391571666307,2,1.3244071059206999,3.489292716341045,z4c_spatial_or_other
434,2.3378819218817326,0.047179506461601899,1.3957170865364181,0.0070769259692402848,2,1.3247277194573248,3.489292716341045,z4c_spatial_or_other
435,2.3449588478509731,0.047168390991080715,1.3957170865364181,0.0070752586486621067,2,1.3250398982619189,3.489292716341045,z4c_spatial_or_other
436,2.3520341064996351,0.047157581313757614,1.3957170865364181,0.0070736371970636421,2,1.3253436299916093,3.489292716341045,z4c_spatial_or_other
437,2.3591077436966987,0.047147077414970782,1.3957170865364181,0.0070720616122456172,2,1.3256389033385587,3.489292716341045,z4c_spatial_or_other
438,2.3661798053089442,0.04713687925508786,1.3957170865364181,0.0070705318882631788,2,1.3259257080166986,3.489292716341045,z4c_spatial_or_other
439,2.3732503371972076,0.047126986770068706,1.3957170865364181,0.0070690480155103054,2,1.3262040347484088,3.489292716341045,z4c_spatial_or_other
440,2.3803193852127178,0.04711739987202266,1.3957170865364181,0.0070676099808033984,2,1.3264738752511513,3.489292716341045,z4c_spatial_or_other
441,2.3873869951935212,0.047108118449759873,1.3957170865364181,0.0070662177674639809,2,1.3267352222240705,3.489292716341045,z4c_spatial_or_other
442,2.3944532129609852,0.047099142369337085,1.3957170865364181,0.0070648713554005626,2,1.3269880693345559,3.489292716341045,z4c_spatial_or_other
443,2.4015180843163857,0.04709047147459737,1.3957170865364181,0.0070635707211896053,2,1.3272324112047846,3.489292716341045,z4c_spatial_or_other
444,2.4085816550375752,0.04708210558770401,1.3957170865364181,0.0070623158381556009,2,1.3274682433982421,3.489292716341045,z4c_spatial_or_other
445,2.4156439708757307,0.047074044509668386,1.3957170865364181,0.0070611066764502579,2,1.3276955624062285,3.489292716341045,z4c_spatial_or_other
446,2.4227050775521808,0.047066288020871649,1.3957170865364181,0.0070599432031307474,2,1.327914365634363,3.489292716341045,z4c_spatial_or_other
447,2.4297650207553114,0.047057263786557738,1.3957170865364181,0.0070585895679836606,2,1.3281690215454813,3.489292716341045,z4c_spatial_or_other
448,2.436823610323295,0.047042780629327097,1.3957170865364181,0.0070564170943990638,2,1.328577927662649,3.489292716341045,z4c_spatial_or_other
449,2.4438800274176939,0.047028598241088772,1.3957170865364181,0.0070542897361633152,2,1.328978586170019,3.489292716341045,z4c_spatial_or_other
450,2.4509343171538571,0.047014716649795306,1.3957170865364181,0.0070522074974692954,2,1.3293709811238885,3.489292716341045,z4c_spatial_or_other
451,2.4579865246513264,0.047001135860537183,1.3957170865364181,0.0070501703790805774,2,1.3297550975246937,3.489292716341045,z4c_spatial_or_other
452,2.465036695030407,0.046987855856034176,1.3957170865364181,0.0070481783784051262,2,1.3301309213064201,3.489292716341045,z4c_spatial_or_other
453,2.4720848734088121,0.046974876597122878,1.3957170865364181,0.007046231489568431,2,1.3304984393259269,3.489292716341045,z4c_spatial_or_other
454,2.4791311048983804,0.046962198023239837,1.3957170865364181,0.0070443297034859754,2,1.3308576393522102,3.489292716341045,z4c_spatial_or_other
455,2.4861754346018663,0.046949820052900389,1.3957170865364181,0.0070424730079350576,2,1.3312085100555988,3.489292716341045,z4c_spatial_or_other
456,2.4932179076098016,0.046937742584173173,1.3957170865364181,0.0070406613876259757,2,1.3315510409968934,3.489292716341045,z4c_spatial_or_other
457,2.5002585689974275,0.046925965495150136,1.3957170865364181,0.0070388948242725204,2,1.3318852226164524,3.489292716341045,z4c_spatial_or_other
458,2.5072974638217,0.046914488644411924,1.3957170865364181,0.0070371732966617879,2,1.3322110462232331,3.489292716341045,z4c_spatial_or_other
459,2.5143346371183619,0.046903311871488787,1.3957170865364181,0.007035496780723318,2,1.332528503983788,3.489292716341045,z4c_spatial_or_other
460,2.5213701338990853,0.046892434997316546,1.3957170865364181,0.0070338652495974818,2,1.3328375889112307,3.489292716341045,z4c_spatial_or_other
461,2.5284039991486829,0.046881857824688102,1.3957170865364181,0.0070322786737032151,2,1.333138294854163,3.489292716341045,z4c_spatial_or_other
462,2.5354362778223862,0.046871580138699749,1.3957170865364181,0.0070307370208049624,2,1.3334306164855869,3.489292716341045,z4c_spatial_or_other
463,2.5424670148431914,0.046861601707192897,1.3957170865364181,0.0070292402560789341,2,1.3337145492917868,3.489292716341045,z4c_spatial_or_other
464,2.5494962550992701,0.04685192228119061,1.3957170865364181,0.0070277883421785911,2,1.3339900895612034,3.489292716341045,z4c_spatial_or_other
465,2.5565240434414487,0.046842541595329329,1.3957170865364181,0.0070263812392993988,2,1.3342572343732919,3.489292716341045,z4c_spatial_or_other
466,2.5635504246807481,0.046833459368285313,1.3957170865364181,0.0070250189052427966,2,1.3345159815873811,3.489292716341045,z4c_spatial_or_other
467,2.5705754435859909,0.046824675303196221,1.3957170865364181,0.0070237012954794328,2,1.3347663298315235,3.489292716341045,z4c_spatial_or_other
468,2.5775991448814701,0.04681618908807729,1.3957170865364181,0.0070224283632115934,2,1.3350082784913588,3.489292716341045,z4c_spatial_or_other
469,2.5846215732446818,0.046808000396232563,1.3957170865364181,0.0070212000594348841,2,1.3352418276989768,3.489292716341045,z4c_spatial_or_other
470,2.5916427733041165,0.046800108886660724,1.3957170865364181,0.0070200163329991088,2,1.3354669783217996,3.489292716341045,z4c_spatial_or_other
471,2.5986627896371157,0.046786179380046401,1.3957170865364181,0.0070179269070069598,2,1.335864582835659,3.489292716341045,z4c_spatial_or_other
472,2.6056807165441227,0.046772002323224662,1.3957170865364181,0.0070158003484836994,2,1.3362694966121986,3.489292716341045,z4c_spatial_or_other
473,2.6126965168926062,0.046758118260005303,1.3957170865364181,0.0070137177390007955,2,1.3366662801197362,3.489292716341045,z4c_spatial_or_other
474,2.619710234631607,0.046744527063656456,1.3957170865364181,0.0070116790595484684,2,1.3370549222775925,3.489292716341045,z4c_spatial_or_other
475,2.6267219136911555,0.04673122859081974,1.3957170865364181,0.007009684288622961,2,1.3374354127782979,3.489292716341045,z4c_spatial_or_other
476,2.6337315979797786,0.046718222681900998,1.3957170865364181,0.0070077334022851491,2,1.337807742078617,3.489292716341045,z4c_spatial_or_other
477,2.640739331382064,0.046705509161457159,1.3957170865364181,0.0070058263742185734,2,1.3381719013905311,3.489292716341045,z4c_spatial_or_other
478,2.6477451577562827,0.046693087838579513,1.3957170865364181,0.0070039631757869269,2,1.3385278826721809,3.489292716341045,z4c_spatial_or_other
479,2.6547491209320695,0.046680958507273003,1.3957170865364181,0.0070021437760909499,2,1.3388756786187745,3.489292716341045,z4c_spatial_or_other
480,2.6617512647081605,0.046669120946831899,1.3957170865364181,0.007000368142024785,2,1.3392152826534602,3.489292716341045,z4c_spatial_or_other
481,2.6687516328501855,0.046657574922211315,1.3957170865364181,0.0069986362383316972,2,1.3395466889181784,3.489292716341045,z4c_spatial_or_other
482,2.6757502690885171,0.046646320184394983,1.3957170865364181,0.0069969480276592475,2,1.3398698922644854,3.489292716341045,z4c_spatial_or_other
483,2.6827472171161761,0.046635356470758879,1.3957170865364181,0.0069953034706138313,2,1.3401848882443625,3.489292716341045,z4c_spatial_or_other
484,2.68974252058679,0.046624683505430899,1.3957170865364181,0.006993702525814635,2,1.3404916731010073,3.489292716341045,z4c_spatial_or_other
485,2.6967362231126044,0.046614300999646315,1.3957170865364181,0.0069921451499469472,2,1.3407902437596182,3.489292716341045,z4c_spatial_or_other
486,2.7037283682625515,0.046604208652099341,1.3957170865364181,0.006990631297814901,2,1.3410805978181675,3.489292716341045,z4c_spatial_or_other
487,2.7107189995603664,0.046594406149290293,1.3957170865364181,0.0069891609223935438,2,1.3413627335381755,3.489292716341045,z4c_spatial_or_other
488,2.71770816048276,0.046584893165868647,1.3957170865364181,0.0069877339748802966,2,1.3416366498354853,3.489292716341045,z4c_spatial_or_other
489,2.7246958944576405,0.046575669364971872,1.3957170865364181,0.0069863504047457808,2,1.3419023462710409,3.489292716341045,z4c_spatial_or_other
490,2.7316822448623861,0.046566734398586419,1.3957170865364181,0.0069850101597879631,2,1.3466160026192613,3.489292716341045,z4c_spatial_or_other
491,2.738667255022174,0.046558087907991617,1.3957170865364181,0.0069837131861987421,2,1.3536305201504586,3.489292716341045,z4c_spatial_or_other
492,2.745650968208373,0.046549729524823322,1.3957170865364181,0.0069824594287234984,2,1.3608742581040894,3.489292716341045,z4c_spatial_or_other
493,2.7526334276370963,0.046541658871315228,1.3957170865364181,0.0069812488306972842,2,1.368351213064416,3.489292716341045,z4c_spatial_or_other
494,2.7596146764677938,0.046533875560521215,1.3957170865364181,0.0069800813340781817,2,1.37606498077201,3.489292716341045,z4c_spatial_or_other
495,2.7665947578018719,0.046523536251501761,1.3957170865364181,0.0069785304377252642,2,1.3840186828051209,3.489292716341045,z4c_spatial_or_other
496,2.7735732882395974,0.046509836757217475,1.3957170865364181,0.0069764755135826211,2,1.3922143771862001,3.489292716341045,z4c_spatial_or_other
497,2.78054976375318,0.046496419921196387,1.3957170865364181,0.0069744629881794582,2,1.400653269174394,3.489292716341045,z4c_spatial_or_other
498,2.7875242267413594,0.046483285549128332,1.3957170865364181,0.0069724928323692493,2,1.4093364337727419,3.489292716341045,z4c_spatial_or_other
499,2.7944967195737287,0.046470433435281781,1.3957170865364181,0.0069705650152922672,2,1.4182640967467659,3.489292716341045,z4c_spatial_or_other
500,2.8014672845890209,0.04645786336266601,1.3957170865364181,0.0069686795043999014,2,1.4274355197799788,3.489292716341045,z4c_spatial_or_other
501,2.8084359640934209,0.046445575103185519,1.3957170865364181,0.0069668362654778278,2,1.4368488764622205,3.489292716341045,z4c_spatial_or_other
502,2.8154028003588989,0.046433568417786904,1.3957170865364181,0.0069650352626680354,2,1.4465011191850858,3.489292716341045,z4c_spatial_or_other
503,2.8223678356215669,0.046421843056598411,1.3957170865364181,0.0069632764584897618,2,1.4563878372546635,3.489292716341045,z4c_spatial_or_other
504,2.8293311120800566,0.046410398759062506,1.3957170865364181,0.0069615598138593757,2,1.466503106831236,3.489292716341045,z4c_spatial_or_other
505,2.8362926718939159,0.046399235254061727,1.3957170865364181,0.0069598852881092585,2,1.4768393336781731,3.489292716341045,z4c_spatial_or_other
506,2.8432525571820251,0.046388352260038505,1.3957170865364181,0.0069582528390057753,2,1.487387090157225,3.489292716341045,z4c_spatial_or_other
507,2.8502108100210308,0.046377749485109199,1.3957170865364181,0.0069566624227663798,2,1.4981349484530555,3.489292716341045,z4c_spatial_or_other
508,2.8571674724437974,0.046367426627173185,1.3957170865364181,0.0069551139940759775,2,1.5090693126520189,3.489292716341045,z4c_spatial_or_other
509,2.8641225864378734,0.046357383374017534,1.3957170865364181,0.00695360750610263,2,1.5201742530411244,3.489292716341045,z4c_spatial_or_other
510,2.871076193943976,0.046347619403418285,1.3957170865364181,0.0069521429105127422,2,1.5314313468293788,3.489292716341045,z4c_spatial_or_other
511,2.8780283368544888,0.046338134383239006,1.3957170865364181,0.0069507201574858504,2,1.5428195304141066,3.489292716341045,z4c_spatial_or_other
512,2.8849790570119747,0.046328927971527656,1.3957170865364181,0.0069493391957291479,2,1.5543149692977583,3.489292716341045,z4c_spatial_or_other
513,2.8919283962077036,0.046319999816613056,1.3957170865364181,0.0069479999724919583,2,1.5658909527715559,3.489292716341045,z4c_spatial_or_other
514,2.8988763961801958,0.046311349557201752,1.3957170865364181,0.0069467024335802628,2,1.5775178214707433,3.489292716341045,z4c_spatial_or_other
515,2.9058230986137761,0.046302976822476985,1.3957170865364181,0.0069454465233715476,2,1.5891629368041458,3.489292716341045,z4c_spatial_or_other
516,2.9127685451371477,0.04629488123220063,1.3957170865364181,0.0069442321848300946,2,1.6007907019809851,3.489292716341045,z4c_spatial_or_other
517,2.919712777321978,0.046287062396819949,1.3957170865364181,0.0069430593595229918,2,1.6123626447948112,3.489292716341045,z4c_spatial_or_other
518,2.9266558366815008,0.046279519917580482,1.3957170865364181,0.0069419279876370725,2,1.6238375723564538,3.489292716341045,z4c_spatial_or_other
519,2.933597764669138,0.046272253386646284,1.3957170865364181,0.006940838007996942,2,1.6351718074637764,3.489292716341045,z4c_spatial_or_other
520,2.940538602677135,0.046265262387229535,1.3957170865364181,0.0069397893580844302,2,1.6463195151243295,3.489292716341045,z4c_spatial_or_other
521,2.9474783920352192,0.046252447338604744,1.3957170865364181,0.0069378671007907112,2,1.6572331257901096,3.489292716341045,z4c_spatial_or_other
522,2.9544162591360101,0.046239837747747939,1.3957170865364181,0.006935975662162191,2,1.6678624779787341,3.489292716341045,z4c_spatial_or_other
523,2.9613522347981722,0.046227499047274405,1.3957170865364181,0.0069341248570911609,2,1.678158330036295,3.489292716341045,z4c_spatial_or_other
524,2.9682863596552633,0.046215430979757777,1.3957170865364181,0.006932314646963666,2,1.6880716285830992,3.489292716341045,z4c_spatial_or_other
525,2.9752186743022269,0.046203633275613269,1.3957170865364181,0.0069305449913419906,2,1.6975542969415816,3.489292716341045,z4c_spatial_or_other
526,2.9821492192935688,0.046192105653240743,1.3957170865364181,0.0069288158479861115,2,1.7065601076021106,3.489292716341045,z4c_spatial_or_other
527,2.9890780351415551,0.046180847819189165,1.3957170865364181,0.0069271271728783747,2,1.7150456012740569,3.489292716341045,z4c_spatial_or_other
528,2.9960051623144337,0.046169859468344135,1.3957170865364181,0.0069254789202516202,2,1.7229710252286297,3.489292716341045,z4c_spatial_or_other
529,3.0029306412346854,0.046159140284140233,1.3957170865364181,0.006923871042621035,2,1.73030125899362,3.489292716341045,z4c_spatial_or_other
530,3.0098545122773066,0.046148689938799246,1.3957170865364181,0.0069223034908198868,2,1.7370066922172251,3.489292716341045,z4c_spatial_or_other
531,3.0167768157681265,0.046138508093595092,1.3957170865364181,0.0069207762140392638,2,1.743064018174499,3.489292716341045,z4c_spatial_or_other
532,3.0236975919821658,0.046128594399146301,1.3957170865364181,0.006919289159871945,2,1.7484569073310632,3.489292716341045,z4c_spatial_or_other
533,3.0306168811420378,0.046118948495735917,1.3957170865364181,0.0069178422743603873,2,1.7531765288121341,3.489292716341045,z4c_spatial_or_other
534,3.0375347234163983,0.046109570013658473,1.3957170865364181,0.0069164355020487709,2,1.7572218935286292,3.489292716341045,z4c_spatial_or_other
535,3.0444511589184469,0.046100458573593482,1.3957170865364181,0.006915068786039022,2,1.7606000008082527,3.489292716341045,z4c_spatial_or_other
536,3.0513662277044857,0.046091613787004049,1.3957170865364181,0.0069137420680506073,2,1.7633257801421549,3.489292716341045,z4c_spatial_or_other
537,3.0582799697725362,0.046083035256558824,1.3957170865364181,0.0069124552884838233,2,1.7654218303585958,3.489292716341045,z4c_spatial_or_other
538,3.0651924250610199,0.046074722576575376,1.3957170865364181,0.0069112083864863059,2,1.7669179693208898,3.489292716341045,z4c_spatial_or_other
539,3.0721036334475063,0.046066675333482007,1.3957170865364181,0.0069100013000223011,2,1.7678506172402502,3.489292716341045,z4c_spatial_or_other
540,3.0790136347475285,0.046058893106295261,1.3957170865364181,0.0069088339659442886,2,1.7682620450996589,3.489292716341045,z4c_spatial_or_other
541,3.085922468713473,0.046051375467109856,1.3957170865364181,0.0069077063200664781,2,1.7681995263634174,3.489292716341045,z4c_spatial_or_other
542,3.0928301750335394,0.046044121981611515,1.3957170865364181,0.0069066182972417267,2,1.7677144308980279,3.489292716341045,z4c_spatial_or_other
543,3.0997367933307811,0.046037132209605883,1.3957170865364181,0.0069055698314408826,2,1.7668613081154885,3.489292716341045,z4c_spatial_or_other
544,3.106642363162222,0.046030405706316557,1.3957170865364181,0.0069045608559474836,2,1.7656969957150466,3.489292716341045,z4c_spatial_or_other
545,3.1135469240181695,0.046023942023330766,1.3957170865364181,0.0069035913034996149,2,1.7642797929075116,3.489292716341045,z4c_spatial_or_other
546,3.1204505153216693,0.046017740709099947,1.3957170865364181,0.0069026611063649915,2,1.7626687298202786,3.489292716341045,z4c_spatial_or_other
547,3.1273531764280342,0.046007055641741852,1.3957170865364181,0.0069010583462612773,2,1.7609229590416253,3.489292716341045,z4c_spatial_or_other
548,3.1342542347742954,0.045995480590977245,1.3957170865364181,0.0068993220886465869,2,1.7591014791433757,3.489292716341045,z4c_spatial_or_other
549,3.1411535568629421,0.045984162896087068,1.3957170865364181,0.00689762443441306,2,1.7572624872998439,3.489292716341045,z4c_spatial_or_other
550,3.1480511812973551,0.045973102232171485,1.3957170865364181,0.0068959653348257223,2,1.7554632964676029,3.489292716341045,z4c_spatial_or_other
551,3.1549471466321806,0.04596229826905586,1.3957170865364181,0.0068943447403583789,2,1.7537604058560303,3.489292716341045,z4c_spatial_or_other
552,3.161841491372539,0.045951750671391164,1.3957170865364181,0.0068927626007086748,2,1.7522097048420322,3.489292716341045,z4c_spatial_or_other
553,3.1687342539732475,0.045941459098752885,1.3957170865364181,0.0068912188648129324,2,1.7508668564204415,3.489292716341045,z4c_spatial_or_other
554,3.1756254728380604,0.04593142320574,1.3957170865364181,0.0068897134808609999,2,1.7497878663263913,3.489292716341045,z4c_spatial_or_other
555,3.1825151863189216,0.045921642642074906,1.3957170865364181,0.0068882463963112353,2,1.7490298483516669,3.489292716341045,z4c_spatial_or_other
556,3.189403432715233,0.04591211705273622,1.3957170865364181,0.0068868175579104331,2,1.748652003232865,3.489292716341045,z4c_spatial_or_other
557,3.1962902502731434,0.045902846078248245,1.3957170865364181,0.006885426911737237,2,1.7487168385664154,3.489292716341045,z4c_spatial_or_other
558,3.2031756771848805,0.045893829355604543,1.3957170865364181,0.0068840744033406816,2,1.7492916686040525,3.489292716341045,z4c_spatial_or_other
559,3.2100597515882212,0.045885066518366852,1.3957170865364181,0.0068827599777550276,2,1.750450453893589,3.489292716341045,z4c_spatial_or_other
560,3.2169425115659762,0.045876557196740837,1.3957170865364181,0.0068814835795111256,2,1.7522760622549944,3.489292716341045,z4c_spatial_or_other
561,3.2238239951454872,0.045868301017619774,1.3957170865364181,0.0068802451526429661,2,1.7548630649828463,3.489292716341045,z4c_spatial_or_other
562,3.2307042402981301,0.045860297604622818,1.3957170865364181,0.0068790446406934228,2,1.7583212288764662,3.489292716341045,z4c_spatial_or_other
563,3.2375832849388235,0.045852546578129129,1.3957170865364181,0.0068778819867193692,2,1.7627799268054309,3.489292716341045,z4c_spatial_or_other
564,3.244461166925543,0.045845047555308806,1.3957170865364181,0.0068767571332963209,2,1.7683937801065495,3.489292716341045,z4c_spatial_or_other
565,3.2513379240588391,0.045837800150151604,1.3957170865364181,0.0068756700225227401,2,1.7753499777338879,3.489292716341045,z4c_spatial_or_other
566,3.2582135940813619,0.045830803973494788,1.3957170865364181,0.0068746205960242184,2,1.7838779126093343,3.489292716341045,z4c_spatial_or_other
567,3.2650882146773861,0.045824058633050897,1.3957170865364181,0.0068736087949576342,2,1.7942620721369043,3.489292716341045,z4c_spatial_or_other
