case	target	time	dt	GH_L2	reduction_L2	curl_L2	Psi_error_L2	Pi_L2	Phi_L2	bad_state	physical_lapse_min	G_lambda_min	G_condition_max	relative_lapse_min	relative_v2_max	r_core	transition_amplitude	feedback
frozen	0.5	0.5028016558910415	0.003591244777347315	1.6176542690710755e-05	8.879479510278575e-07	5.357075215076847e-07	0.0009198371905610458	0.011716879654180083	0.0010099189426198225	0.0	0.004530774797462844	0.0	0.0	0.0	0.0	0.0	0.0	0.0
frozen	1.0	1.001926619792773	0.003590296657892866	4.07175138597262e-05	7.284850728047615e-06	3.2558222704667307e-06	0.0036814502075568707	0.023643954543718516	0.0040499459409804395	0.0	0.004530775093715017	0.0	0.0	0.0	0.0	0.0	0.0	0.0
frozen	1.5	1.500866113755756	0.003588555793312528	6.714345323639596e-05	2.503628243058968e-05	1.0232260807918645e-05	0.008372186426503002	0.036216967625950634	0.009242574715199079	0.0	0.00453077487091923	0.0	0.0	0.0	0.0	0.0	0.0	0.0
frozen	1.6	1.601339076234661	0.003588094205918703	7.255425705718872e-05	3.0523364065205614e-05	1.2347948896835285e-05	0.009562946173054235	0.03886793648374969	0.01056643280133793	0.0	0.004530774708446231	0.0	0.0	0.0	0.0	0.0	0.0	0.0
frozen	1.8	1.802243292709343	0.003587046702005599	8.343359573118217e-05	4.382559728487294e-05	1.7442874308165586e-05	0.012204127643337052	0.044326366767268026	0.01351084390125088	0.0	0.004530774223062862	0.0	0.0	0.0	0.0	0.0	0.0	0.0
frozen	2.0	2.003083855569547	0.003585821601762111	9.439023952517149e-05	6.057835369213675e-05	2.3817385926863816e-05	0.01520426859434188	0.050032011904735524	0.016868505058293105	0.0	0.00453077348698175	0.0	0.0	0.0	0.0	0.0	0.0	0.0
frozen	2.2	2.2	0.003584405789151403	0.0001052257895562306	8.07696191603045e-05	3.1464518389670554e-05	0.01851258827010394	0.05592034307775737	0.020586666052314177	0.0	0.004530772477515909	0.0	0.0	0.0	0.0	0.0	0.0	0.0
frozen	3.0	3.002095184604606	0.003576516624048134	0.0001510787398858844	0.00021033264087982868	8.018788382475107e-05	0.03622211617976467	0.08440231329318404	0.040740967450756754	0.0	0.004530764442892156	0.0	0.0	0.0	0.0	0.0	0.0	0.0
frozen	4.0	4.0	0.003560135651264184	0.00021665143129684313	0.0005127372993223751	0.00019415459842296335	0.07060306299652422	0.13916842790019437	0.08077444254298695	0.0	0.004530741481363011	0.0	0.0	0.0	0.0	0.0	0.0	0.0
fixed_core_tau4	0.5	0.5026791037511678	0.003587904315841504	1.652258932764455e-05	9.172928281561395e-07	2.7581800843384005e-05	0.0016946061054645663	0.031632118334144005	0.0019621166279858325	0.0	0.004530774797313275	0.9990262575127937	1.010550122860123	1.000000050227055	1.128973108239865e-07	0.3	0.01629372478902176	0.0
fixed_core_tau4	1.0	1.000280029625192	0.003568837215680822	0.00013442817848460106	9.908848428965947e-06	0.00026936338084103715	0.010486404716391196	0.11233525209938906	0.015002473362214032	0.0	0.00453077509136582	0.9962365216312605	1.073393512882556	1.000000115128219	3.450098237411889e-05	0.3	0.1035894747200673	0.0
fixed_core_tau4	1.5	1.501025396629015	0.003531635721320893	0.000455119338517164	5.3508989493098965e-05	0.0010723416611684868	0.03412459387297217	0.25717127664920775	0.059687452393769116	0.0	0.004530774871685669	0.9914888911071461	1.271006838443858	1.000000066641995	0.001278310206274813	0.3	0.2756300853706763	0.0
fixed_core_tau4	1.6	1.603304556604595	0.003522353638540804	0.0005712307745664708	7.220653665327085e-05	0.0014479803965436972	0.0419600796378295	0.2972550326322602	0.07630484934906473	0.0	0.004530774712733425	0.9902605772496489	1.33867369477572	1.000000031559198	0.002443943997870407	0.3	0.3188685487793643	0.0
fixed_core_tau4	1.8	1.800024556235831	0.003503544334511837	0.0009192347787379046	0.00012685875383098958	0.0027539697968071188	0.061283024681778174	0.3865788085211445	0.11985080418731874	0.0	0.004530774269636282	0.9876211613144409	1.504157551425573	0.9999999337619814	0.008175371452007568	0.3	0.4068844066998906	0.0
fixed_core_tau4	2.0	2.002639833896687	0.003483509384839441	0.001618750961005797	0.00022805921319182963	0.005557946689191667	0.08873371126527385	0.4954997051621247	0.18630981932574409	0.0	0.004530773608322923	0.9844529034577397	1.732902727213198	0.9999997878016498	0.02718424002755094	0.3	0.5012374207018642	0.0
fixed_core_tau4	2.2	2.2	0.003463792735241796	0.0030221837664085424	0.00040846189288649726	0.010911596633733535	0.1249750314682329	0.6127747939678249	0.2795817233741401	0.0	0.004530772756223845	0.9808874922648292	2.027480127446355	0.9999995997324651	0.0842694505598534	0.3	0.593126875	0.0
fixed_core_tau4	3.0	3.0024802614372	0.003400974711530614	0.07143173890799294	0.006890360637829971	0.4677958128157115	0.36582163192499245	1.7949191740652422	1.5044703428783872	0.0	0.004530767667065242	0.8353580951414188	5.92399999379242	0.9999984764899543	2.6804459020538	0.3	0.8971372685337891	0.0
fixed_width	0.5	0.5026791037511678	0.003587904315841504	5.998279573576962e-05	2.5919419940743278e-06	0.00011332487701779124	0.002435759412010859	0.08213951904397343	0.002965164757238977	0.0	0.004530774811974443	0.9992708327971193	1.008914111550965	1.000000053462962	2.526334810355578e-07	0.214575803488565	0.01629372478902176	0.0
fixed_width	1.0	1.000280029625192	0.003568837215680822	0.0005557996465029484	6.782900043602972e-05	0.0012661502398054354	0.021928509540410094	0.610928510422515	0.027186244497060804	0.0	0.004530770921703519	0.9993908139536616	1.061614190061801	0.9999991948303236	5.478242435043479e-05	0.1539963839929566	0.1035894747200673	0.0
fixed_width	1.5	1.501025396629015	0.003531635721320893	0.004398424637422509	0.0010691869121431964	0.015862910212050815	0.11563727681219137	3.058461355439158	0.16466281109330075	0.0	0.004531361996879529	0.9990254073119974	1.217727812948608	0.9992744923586542	0.003038872514884396	0.1102884136646199	0.2756300853706763	0.0
fixed_width	1.6	1.603304556604595	0.003522353638540804	0.008581174104109418	0.001734723046334461	0.03405608352145091	0.16908167531595905	4.501312706516639	0.2630711328103055	0.0	0.0045320965184453	0.9985853179092656	1.268916568117985	0.9990855163895167	0.007641757177760992	0.1030189312879826	0.3188685487793643	0.0
fixed_width	1.8	1.800024556235831	0.003503544334511837	0.04984290055746574	0.006106176392968911	0.30863772957497665	0.47756096519006724	14.648309763865756	1.0326539596812627	0.0	0.004534984627168796	0.9972357007670741	1.388239134376835	0.9993358704833084	0.07568919227696226	0.09035678434654904	0.4068844066998906	0.0
