time,max_coordinate_speed,integrated_coordinate_reach,protected_radius
0.0,1.7323716045573447,0.0,16.0
0.010823312937405826,1.7390538158921647,0.01878616183219532,15.981213838167804
0.016214175436500177,1.7420204629667684,0.028169158225426587,15.971830841774574
0.01890501638794164,1.7432876963387094,0.03285836318715271,15.967141636812848
0.021593901309142422,1.7446646978545037,0.037547714486458855,15.96245228551354
0.02428066398953851,1.7461797545436761,0.04223724978534443,15.957762750214656
0.02696509552518243,1.7476648246849114,0.046926743069904325,15.953073256930095
0.0296472459774839,1.7491200303093988,0.05161619461011628,15.948383805389884
0.03232716497605076,1.7505454958070388,0.05630560467615075,15.943694395323849
0.035004901722240814,1.7520646702338114,0.06099513865074396,15.939004861349256
0.03768031666532876,1.7537175052765863,0.06568484966052991,15.93431515033947
0.04035321009650924,1.7553385978943565,0.0703745161644346,15.929625483835565
0.043023635053621764,1.7569280477662887,0.07506413841773764,15.924935861582263
0.04569164414253099,1.7584859567803168,0.0797537166754422,15.920246283324557
0.04835728954158924,1.7600124288818932,0.08444325119210938,15.91555674880789
0.051020623006215904,1.7617553488746718,0.08913307218068084,15.910866927819319
0.05368132161172555,1.7634849488166688,0.09382287315275772,15.906177126847242
0.056339410643415556,1.7651810548590001,0.09851262735319158,15.901487372646809
0.058994945602334786,1.7668437529989895,0.10320233502971002,15.89679766497029
0.06164798155531228,1.7684731321106637,0.10789199643039217,15.892108003569607
0.06429857313902805,1.7700692838982794,0.11258161180363946,15.88741838819636
0.06694677456404605,1.7718183318888512,0.11727142771933,15.88272857228067
0.06959236182072764,1.773592661958599,0.12196127479184082,15.878038725208159
0.072235302390195,1.7753317848354775,0.1266510729910441,15.873348927008957
0.07487565392337864,1.7770357823508813,0.13134082256727028,15.868659177432729
0.07751347362659182,1.7787047388134734,0.1360305237703907,15.86396947622961
0.08014881826683093,1.7803387410614457,0.14072017684992386,15.859279823150077
0.0827817441768773,1.7819378785251434,0.1454097820551548,15.854590217944844
0.08541230726018731,1.7836534388059528,0.15009953849992577,15.849900461500074
0.08804034020538658,1.7854045635901536,0.1547893395067378,15.845210660493262
0.09066579557589051,1.787118965909536,0.1594790900501261,15.840520909949873
0.0932887323190045,1.7887967338173574,0.16416879038967203,15.835831209610328
0.09590920892843832,1.7904379591305317,0.16885844078594403,15.831141559214055
0.09852728344819232,1.7920427374735182,0.17354804150058883,15.826451958499412
0.10114301347626553,1.7936111682836073,0.17823759279637227,15.821762407203627
0.10375645616824301,1.7951433547785116,0.1829270949371712,15.81707290506283
0.10636766824081777,1.7967232513115872,0.18761665765962146,15.812383342340379
0.10897658421971333,1.7983816938665922,0.19230632102826237,15.807693678971738
0.11158309429262321,1.800002293647426,0.19699593308308883,15.80300406691691
0.11418725764093846,1.801585158959974,0.20168549410300496,15.798314505896995
0.11678913298204419,1.8031304015620946,0.2063750043673162,15.793624995632683
0.11938877857392102,1.8046381366093167,0.21106446415570082,15.788935535844299
0.12198625221969425,1.8061084825930052,0.21575387374817223,15.784246126251828
0.12458161127214176,1.8075415612739363,0.22044323342503594,15.779556766574965
0.1271749126381675,1.8089374976138866,0.22513254346684455,15.774867456533155
0.12976621278324335,1.8102964197074805,0.22982180415435371,15.770178195845647
0.13235556773581925,1.8117420586519952,0.234511175790534,15.765488824209466
0.13494285657068114,1.8132023427869242,0.23920056487895303,15.760799435121047
0.13752806170161827,1.814624317849887,0.24388990292756743,15.756110097072433
0.14011124101531452,1.8160081200236844,0.24857919023214223,15.751420809767858
0.14269245194070337,1.817353888678721,0.25326842708851993,15.74673157291148
0.14527175145369364,1.8186617663056752,0.25795761379258303,15.742042386207418
0.14784919608185115,1.819931898453644,0.26264675064022397,15.737353249359776
0.150424841909029,1.8211644336765567,0.2673358379273258,15.732664162072675
0.15299874457993548,1.8223595234896832,0.2720248759497568,15.727975124050243
0.15557095930462592,1.8235173223370802,0.2767138650033785,15.723286134996622
0.15814154086290383,1.8246379875698922,0.28140280538406875,15.718597194615931
0.16071054360861722,1.8257622395097697,0.286091749487229,15.713908250512771
0.1632779644362375,1.8269638123430936,0.2907807919587881,15.709219208041212
0.16584369670106447,1.8281272987906891,0.2954697845561472,15.704530215443853
0.1684077960409194,1.8292528646119655,0.30015872758743684,15.699841272412563
0.17097031765325776,1.8303406787224268,0.304847621361021,15.695152378638978
0.17353131629929772,1.8313909131697221,0.3095364661855198,15.69046353381448
0.17609084630804228,1.8324037431011646,0.31422526236982146,15.685774737630178
0.1786489615802076,1.8333793467237118,0.31891401022308463,15.681085989776916
0.18120571559206916,1.8343179052575325,0.32360271005473296,15.676397289945267
0.18376116139923523,1.8352196028843428,0.3282913621744429,15.671708637825557
0.18631535164035562,1.836084626691772,0.33297996689212656,15.667020033107873
0.188868338540772,1.8369131666150327,0.33766852451791185,15.662331475482087
0.19142017391611416,1.8377054153771855,0.34235703536212053,15.65764296463788
0.1939709091758445,1.8384615684292478,0.34704549973524634,15.652954500264753
0.19652059532675215,1.839312808476656,0.35173408493272634,15.648265915067274
0.19906910147448145,1.8401333779631235,0.35642263054591683,15.643577369454084
0.20161647116851344,1.8409172557660418,0.3611111289591963,15.638888871040804
0.20416275617144772,1.841664644277128,0.36579958049127487,15.634200419508725
0.20670800783524337,1.8423757484225458,0.3704879854607795,15.62951201453922
0.2092522771049694,1.8430507755918348,0.375176344186221,15.62482365581378
0.21179561452251547,1.8436899355689278,0.3798646569859637,15.620135343014036
0.21433807023026089,1.8442934404662872,0.3845529241781992,15.6154470758218
0.2168796939746987,1.8448615046629862,0.3892411460809246,15.610758853919075
0.21942053511000997,1.8453943447474246,0.3939293230119271,15.606070676988073
0.2219606426015833,1.8458921794651764,0.3986174552887752,15.601382544711225
0.22450006502947295,1.8463552296723162,0.4033055432288158,15.596694456771184
0.22703885059178963,1.8467837182944045,0.40799358714917944,15.59200641285082
0.22957704710801685,1.8471778702911457,0.41268158736679195,15.587318412633207
0.23211470202224618,1.8475429512155335,0.4173695505914929,15.582630449408507
0.23465185548702275,1.8479928829796277,0.42205762136446,15.57794237863554
0.237188391229759,1.8484081504288297,0.4267456480348239,15.573254351965176
0.2397243571087844,1.848788978759738,0.43143363091865033,15.56856636908135
0.2422598006092885,1.849135594985581,0.43612157033157883,15.56387842966842
0.2447947688467241,1.8494482279409055,0.4408094665888847,15.559190533411115
0.24732930857007654,1.849727108289919,0.44549732000554604,15.554502679994455
0.2498634661649953,1.8499724685365675,0.45018513089631235,15.549814869103688
0.25239728765678654,1.8501845430344355,0.45487289957577265,15.545127100424228
0.25493081871326817,1.8503635679946648,0.459560626358421,15.54043937364158
0.2574641046474914,1.8505097814902918,0.46424831155871693,15.535751688441284
0.2599971904203345,1.8506234234556478,0.4689359554911397,15.53106404450886
0.2625301206429765,1.8507047356798019,0.47362355847023474,15.526376441529765
0.26506293957926036,1.8507539617933613,0.4783111208106511,15.521688879189348
0.267595691147955,1.850771347248318,0.4829986428271702,15.51700135717283
0.27012841892492717,1.8507571392910163,0.4876861248347262,15.512313875165274
0.2726611661452327,1.8507230234184873,0.4923735816312855,15.507626418368714
0.27519396005371377,1.8507604239960767,0.497061128995263,15.502938871004737
0.27772670277893313,1.850766054645168,0.5017486361257557,15.498251363874244
0.2802594377987024,1.8507401592702117,0.5064361033326942,15.493563896667306
0.28279220825625184,1.8506829832139267,0.511123530925781,15.488876469074219
0.2853250569626573,1.8505947732198067,0.5158109192144963,15.484189080785503
0.28785802639920466,1.850475777396595,0.5204982685081047,15.479501731491895
0.2903911587196908,1.8503262451852116,0.5251855791156659,15.474814420884334
0.2929244957526586,1.85014642732854,0.5298728513460481,15.470127148653951
0.2954580790035629,1.8499365758444317,0.5345600855079454,15.465439914492055
0.2979919496568637,1.8496969440021904,0.539247281909899,15.4607527180901
0.30305969096346536,1.849129592658355,0.5486196299227935,15.451380370077207
0.30812964389549446,1.8484461736338762,0.55799289747165,15.44200710252835
0.31320147132207815,1.84764882503257,0.5673658754643977,15.432634124535602
0.3182754874841238,1.8467396397890323,0.5767385688540876,15.423261431145912
0.3233520016813666,1.8457207313653354,0.5861109826025482,15.413889017397452
0.3284313183085711,1.8445942334382945,0.5954831216827225,15.404516878317278
0.333513736886084,1.8433622994495715,0.6048549910806272,15.395145008919373
0.3385995520851902,1.8423875272027093,0.6142275123248729,15.385772487675126
0.34368805809251973,1.8413628253933558,0.6235999052242166,15.376400094775784
0.3487793958075609,1.8402313548491769,0.632972024874889,15.367027975125112
0.35387386394348086,1.8389951020650632,0.6423438758496807,15.357656124150319
0.3589717568032674,1.8376560701947475,0.6517154627291752,15.348284537270825
0.36407336430864057,1.8362162791147698,0.6610867901046854,15.338913209895315
0.36917897202306493,1.8346777654390998,0.6704578625810398,15.32954213741896
0.3742888611690514,1.8330425824609873,0.679828684779164,15.320171315220836
0.3794033086399953,1.8313128000030872,0.6891992613384055,15.310800738661595
0.38452258700685005,1.8294905041622358,0.6985695969185675,15.301430403081433
0.3896469645199725,1.8275777969409681,0.7079396962016306,15.292060303798369
0.3947767051064975,1.8255767957634337,0.7173095638931535,15.282690436106847
0.3999120683636096,1.8234896328783718,0.7266792047233577,15.273320795276643
0.405053309548075,1.821318454655924,0.7360486234479097,15.26395137655209
0.4102006795623821,1.8190654207880126,0.7454178248484232,15.254582175151576
0.41535442493781716,1.8169807390747315,0.7547874528890537,15.245212547110945
0.4205140833746887,1.8149533901138861,0.7641572226749686,15.235842777325031
0.4256795052808743,1.8128415226217938,0.7735267683316653,15.226473231668335
0.4308509446389278,1.8106470907487955,0.782896094145987,15.217103905854014
0.43602865157469683,1.8083720656339064,0.7922652044393289,15.207734795560672
0.44121287233222867,1.806018435124264,0.8016341035692571,15.198365896430744
0.44640384924457394,1.8035882033910342,0.8110027959308477,15.188997204069153
0.45160182070079297,1.8010833904389612,0.8203712859577336,15.179628714042266
0.4568070211094843,1.7985060315090688,0.829739578122856,15.170260421877144
0.46201968085916206,1.7958581763759447,0.8391076769389183,15.160892323061082
0.4672400262758134,1.7931418885425219,0.8484755869585475,15.151524413041452
0.47246827957796567,1.790359244336259,0.8578433127741675,15.142156687225832
0.4777046588295921,1.7875123319111135,0.8672108590175903,15.13278914098241
0.4829493778911813,1.7846908026330308,0.8765784599533964,15.123421540046603
0.4882023886570622,1.7820887266291416,0.8859466255867654,15.114053374413235
0.4934630694861997,1.7794182157417058,0.8953146012340506,15.10468539876595
0.49873164542695586,1.7766811678982237,0.9046823910618421,15.095317608938158
0.5040083378180226,1.7738794997331855,0.9140499992912978,15.085950000708703
0.5092933642256281,1.7710151458867038,0.9234174301984381,15.076582569801563
0.5145869383781553,1.7680900581826926,0.9327846881141062,15.067215311885894
0.5198892700985406,1.7651062046868073,0.942151777423586,15.057848222576414
0.5252005652348372,1.7620655686456699,0.9515187025658777,15.048481297434122
0.5305210255893321,1.758970147310073,0.9608854680326293,15.039114531967371
0.5358508488466153,1.7558219506457782,0.9702520783667293,15.029747921633271
0.5411902285009998,1.75262299993626,0.9796185381605623,15.020381461839438
0.5465393537836996,1.7495896777258322,0.9889854253502992,15.011014574649701
0.5518977530240208,1.746647905020286,0.9983525437539839,15.001647456246015
0.5572651770898865,1.7436498943411156,1.0077194979566493,14.99228050204335
0.562641829840204,1.7405975064890487,1.0170862921418793,14.98291370785812
0.5680279113237461,1.737492622118746,1.0264529305617716,14.97354706943823
0.5734236176885696,1.7343371405231975,1.0358194175357072,14.964180582464293
0.5788291410905374,1.7311329782905356,1.0451857574487409,14.95481424255126
0.5842446696013844,1.7278820678363294,1.0545519547496154,14.945448045250384
0.5896703871167814,1.7245863558152998,1.0639180139483961,14.936081986051605
0.5951064732648526,1.7212478014172476,1.0732839396137372,14.926716060386262
0.6005531033156104,1.7180094792027856,1.0826501206421937,14.917349879357806
0.6060099998656517,1.7149440051173674,1.0920167566547132,14.907983243345287
0.6114766506554298,1.7118293484027487,1.1013832432844188,14.898616756715581
0.6169532479627183,1.708667325898126,1.1107495847224516,14.889250415277548
0.6224399801415947,1.7054597762520456,1.1201157852395223,14.879884214760478
0.6279370315118725,1.7022085583723667,1.129481849183672,14.870518150816327
0.6334445822487601,1.6989155497416157,1.1388477809776167,14.861152219022383
0.6389628082732531,1.6955826446010012,1.1482135851156747,14.851786414884325
0.6444918811437802,1.692211752007233,1.1575792661602797,14.84242073383972
0.6500319679496305,1.6888983304583618,1.1669450878387773,14.833054912161224
0.6555829237596559,1.6858163662754677,1.1763115339152836,14.823688466084716
0.6611440276779388,1.6826894748507033,1.1856778394312064,14.814322160568793
0.6667154656289795,1.6795194318731723,1.1950440085823308,14.80495599141767
0.6722974195034542,1.6763080375918933,1.2044100456549554,14.795589954345045
0.6778900670299003,1.6730571150026994,1.2137759550228668,14.786224044977134
0.6834935816475018,1.6697685078842366,1.2231417411438368,14.776858258856164
0.6891081323805727,1.6664440786872312,1.2325074085556442,14.767492591444356
0.6947338837153462,1.6630857062824114,1.2418729618716247,14.758127038128375
0.7003709954796921,1.6600125484022126,1.2512393000044046,14.748760699995595
0.7060185431497525,1.6569519359899618,1.2606056575271558,14.739394342472844
0.711676522597659,1.6538499395206248,1.2699718820110204,14.73002811798898
0.7173451142733448,1.6507083134667146,1.2793379777133718,14.720662022286628
0.7230244944058112,1.647528838883017,1.2887039489909806,14.71129605100902
0.7287148348591874,1.6443133212762526,1.2980698002960225,14.701930199703977
0.7344163029910173,1.641063588309335,1.3074355361715486,14.692564463828452
0.7401290615134695,1.6377814873464085,1.316801161246425,14.683198838753576
0.7458532683581748,1.6348225767492022,1.3261676925382782,14.673832307461723
0.7515878356031671,1.6318504619504293,1.3355341706421915,14.664465829357809
0.7573328473052778,1.6288382821948315,1.3449005181382192,14.65509948186178
0.7630884831486148,1.6257877565181718,1.3542667392807564,14.645733260719243
0.7688549185042837,1.6227006339377643,1.3636328384343588,14.63636716156564
0.7746323242708976,1.6195786911445755,1.3729988200692107,14.62700117993079
0.7804208667179302,1.6164237300132867,1.382364688755997,14.617635311244003
0.7862207073326946,1.613353732183826,1.3917307860069477,14.608269213993053
0.7920315842736801,1.6105257528518788,1.401097569487003,14.598902430512997
0.7978526647397323,1.6076570530880765,1.4104642200209239,14.589535779979077
0.8036841323291612,1.6047492889523116,1.4198307417547662,14.580169258245235
0.8095261663867807,1.6018041517190125,1.4291971389587554,14.570802861041244
0.8153789418274855,1.5988233656042965,1.4385634160228724,14.561436583977127
0.8212426289624659,1.595808685290591,1.4479295774517866,14.552070422548214
0.8271173933289055,1.5927618932549885,1.4572956278591453,14.542704372140854
0.833003395524024,1.590016236671368,1.4666625473888062,14.533337452611194
0.8388995617289844,1.5872998425518814,1.4760295392332028,14.523970460766797
0.8448058182210961,1.5845435456196855,1.4853963995348778,14.514603600465122
0.8507223485846297,1.5817489773454687,1.4947631324608541,14.505236867539146
0.8566493320278138,1.5789178071472754,1.5041297423114093,14.49587025768859
0.8625869431926017,1.5760517399707132,1.513496233515176,14.486503766484823
0.8685353519676677,1.5731525136499525,1.5228626106235323,14.477137389376468
0.8744947233055735,1.5704030029977238,1.5322294179460452,14.467770582053955
0.8804645284970462,1.5678435300293854,1.5415967781685382,14.458403221831462
0.8864440792751932,1.5652432818035618,1.5509640040103871,14.449035995989613
0.8924335635355554,1.5626038272345393,1.5603310995245887,14.43966890047541
0.8984331648654661,1.559926777868764,1.569698068910121,14.430301931089879
0.9044430623382235,1.5572137855583539,1.579064916507306,14.420935083492694
0.9104634303101384,1.5544665398918738,1.5884316467923953,14.411568353207604
0.9164944382214777,1.551722402254713,1.5977983718344957,14.402201628165503
0.9225361116460398,1.5493211562460996,1.6071661180623975,14.392833881937602
0.9285871488775425,1.5468782970974977,1.6165337271465676,14.383466272853433
0.934647742020255,1.5443953281002603,1.6259012030141284,14.374098796985871
0.9407180789536955,1.5418737994444207,1.6352685497498642,14.364731450250137
0.9467983431123952,1.539315306021913,1.6446357715919357,14.355364228408064
0.95288871326809,1.5367214849658546,1.6540028729267613,14.34599712707324
0.9589893633154265,1.5340940129292746,1.6633698582830592,14.336630141716942
0.9651004620623012,1.5317345785451526,1.6727376489148051,14.327262351085196
0.9712209741479553,1.52944796812993,1.6821056513014643,14.317894348698536
0.9773506367421414,1.527120426076694,1.6914735177777342,14.308526482222266
0.9834896417871366,1.5247534374462028,1.7008412523001624,14.299158747699838
0.9896381768681278,1.522348535992362,1.7102088589896847,14.289791141010316
0.9957964249817168,1.5199073018476368,1.7195763421269012,14.280423657873099
1.001964564307453,1.5174313589270356,1.728943706146453,14.271056293853547
1.0081427679835844,1.5150635975294209,1.7383113918903674,14.261688608109633
1.014330627038008,1.5129302265063032,1.7476797913907665,14.252320208609234
1.0205272115438573,1.510755219832336,1.7570480525844385,14.24295194741556
1.0267327171591485,1.508539994044201,1.7664161792864048,14.233583820713594
1.0329473352912584,1.5062860179291893,1.775784175485988,14.224215824514012
1.039171252853003,1.5039948103858827,1.7851520453425547,14.214847954657445
1.0454046520211788,1.501667937985148,1.7945197931803112,14.205480206819688
1.051647709998816,1.4993070122331624,1.803887423482136,14.196112576517864
1.057900598782439,1.4972887362085379,1.8132561134543779,14.186743886545623
1.0641619161711877,1.4952620773290108,1.8226247686771362,14.177375231322864
1.0704317200685396,1.4931945666446453,1.8319932872338627,14.168006712766138
1.0767102052769786,1.4910876043311136,1.8413616729680025,14.158638327031998
1.0829975622188301,1.4889426439642004,1.8507299299022761,14.149270070097725
1.0892939766831509,1.486761190269072,1.8600980622339767,14.139901937766023
1.0955996295757338,1.484544796554279,1.8694660743292575,14.130533925670743
1.1019146966735809,1.4824791034681648,1.8788345518340364,14.121165448165964
1.108238563214477,1.4805957046660196,1.8882035966527022,14.111796403347299
1.1145704740598583,1.4786709741748598,1.8975725030417665,14.102427496958233
1.120910626915859,1.4767062404678568,1.9069412746857548,14.093058725314245
1.1272592152424241,1.4747028882558866,1.9163099154565213,14.083690084543479
1.1336164279899272,1.4726623564531085,1.9256784294091271,14.074321570590874
1.139982449338215,1.4705861358132002,1.9350468207766687,14.06495317922333
1.1463574584394778,1.4684757662360846,1.9444150939640383,14.055584906035962
1.1527416291664005,1.4667065786288624,1.953784446566172,14.046215553433829
1.1591335006808545,1.46491911177226,1.9631537339369303,14.036846266063069
1.165533171437186,1.463091246772194,1.9725228850698364,14.027477114930164
1.1719408374120066,1.461224296544308,1.9818919036731106,14.01810809632689
1.178356690215831,1.4593196308322538,1.991260793645686,14.008739206354313
1.1847809168224814,1.457378674071908,2.000629559072655,13.999370440927345
1.1912136993015925,1.455402902911874,2.0099982042196043,13.990001795780396
1.1976552145557142,1.453544483186588,2.0193672187000997,13.9806327812999
1.2041049655667375,1.451888409667529,2.028736878069173,13.971263121930827
1.2105620733840985,1.450191698614471,2.0381064001460705,13.96189359985393
1.2170267359586788,1.4484555890502742,2.047475788464808,13.952524211535192
1.2234991470362921,1.4466813790317796,2.056845046756519,13.94315495324348
1.2299794958787404,1.444870423756684,2.066214178945559,13.93378582105444
1.236467966987191,1.443024133315167,2.075583189144465,13.924416810855535
1.242964739829418,1.4411439700837942,2.0849520816477547,13.915047918352245
1.2494699885725085,1.439529118350076,2.0943218291416494,13.905678170858351
1.2559825348492695,1.4379576376706937,2.1036917119713254,13.896308288028674
1.2625021984015188,1.4363465961604598,2.113061460247018,13.886938539752983
1.2690291745680378,1.4346972184985416,2.1224310775226733,13.877568922477327
1.2755636543726416,1.4330107885204229,2.1318005675513563,13.868199432448645
1.2821058242398202,1.431288647212601,2.141169934280871,13.858830065719129
1.2886558657134655,1.4295321903390723,2.150539181848187,13.849460818151814
1.2952139551803254,1.4277939812462432,2.1599084821828156,13.840091517817184
1.3017800285236358,1.4263417219579895,2.1692787143623153,13.830721285637685
1.3083527872501566,1.4248498833352168,2.1786488116146523,13.821351188385348
1.31493242775099,1.4233196156803736,2.188018777309133,13.811981222690868
1.3215191422856019,1.4217521300407154,2.1973886150189106,13.80261138498109
1.3281131186911315,1.4201486964566754,2.2067583285173002,13.7932416714827
1.3347145400939684,1.4185106418354445,2.2161279217728826,13.783872078227118
1.341323584625259,1.416839347445587,2.225497398943359,13.774502601056641
1.347940425142077,1.4152996227313448,2.2348673048869223,13.765132695113078
1.3545644642143884,1.4139211027923848,2.2442377392019535,13.755762260798047
1.3611949614758587,1.4125041957910123,2.2536080418029574,13.746391958197043
1.3678321099019912,1.4110500393272085,2.2629782160768146,13.737021783923186
1.3744760982360051,1.4095598314342836,2.2723482656148866,13.727651734385113
1.381127110694597,1.4080348287104356,2.2817181942088287,13.718281805791172
1.387785326676787,1.4064763440652308,2.2910880058451424,13.708911994154857
1.394450920477606,1.4048857440778197,2.3004577046984345,13.699542295301566
1.4011240610084426,1.4035191654111279,2.30982814501269,13.69017185498731
1.4078036990433487,1.402209905528316,2.3191987723216343,13.680801227678366
1.4144895739348597,1.4008634899809045,2.328569271338683,13.671430728661317
1.4211818748385887,1.3994810444664383,2.3379396454680004,13.662060354531999
1.4278807865795293,1.3980637545735055,2.3473098983180485,13.652690101681952
1.4345864893554803,1.3966128637872193,2.3566800336968616,13.643319966303139
1.4412991584444486,1.3951296711000896,2.3660500556060096,13.63394994439399
1.4480189639178764,1.3936155282263187,2.375419968233224,13.624580031766776
1.4547460703615969,1.3923991118203936,2.3847908767519033,13.615209123248096
1.4614790536854252,1.3911549072873206,2.394161688147717,13.605838311852283
1.4682180587745715,1.3898748108744299,2.4035323748595965,13.596467625140404
1.474963270592679,1.3885599372140056,2.41290294030892,13.58709705969108
1.4817148696765543,1.387211460056394,2.422273388120349,13.577726611879651
1.4884730318385213,1.3858306101372184,2.4316437221165113,13.568356277883488
1.4952379278737387,1.38441867264171,2.4410139463113287,13.55898605368867
1.502009723274411,1.3830376024770417,2.4503842701490344,13.549615729850967
1.508788280837278,1.3818901756938298,2.459755381199785,13.540244618800216
1.5155724668492327,1.3807071027316493,2.4691263681062643,13.530873631893735
1.522362465960161,1.3794894278916539,2.478497234100724,13.521502765899276
1.5291584586009515,1.3782382554651138,2.4878679826214225,13.512132017378578
1.535960620682018,1.3769547478580446,2.4972386173080348,13.502761382691965
1.5427691232959082,1.3756401233096525,2.506609141995698,13.493390858004302
1.549584132425945,1.374295653201395,2.5159795607076667,13.484020439292333
1.556405808662904,1.3730384071952915,2.5253502724450647,13.474649727554935
1.5632337312839109,1.3719471336556426,2.534721546879421,13.465278453120579
1.570067084967897,1.3708215330019968,2.5440927010657344,13.455907298934266
1.5769060496137686,1.3696626409487676,2.553463738254844,13.446536261745155
1.5837508008099506,1.3684715521204058,2.5628346619015026,13.437165338098497
1.5906015095334705,1.3672494180234176,2.572205475659143,13.427794524340857
1.5974583418541988,1.365997444605881,2.581576183373246,13.418423816626754
1.6043214586462693,1.3647168894032518,2.5909467890732887,13.40905321092671
1.6111910153087499,1.3635671546881851,2.6003178399894025,13.399682160010597
1.6180663642549071,1.362528619401929,2.6096892698431597,13.390310730156841
1.6249469536726289,1.3614570909764059,2.619060583469587,13.380939416530413
1.6318329584260187,1.3603535972682421,2.628431784138127,13.371568215861874
1.6387245489792588,1.359219223744549,2.637802875319197,13.362197124680803
1.6456218910976057,1.3580551112931163,2.647173860678276,13.352826139321724
1.6525251455546899,1.3568624536159517,2.6565447440685634,13.343455255931437
1.6594344678482034,1.355642494207171,2.6659155295221932,13.334084470477807
1.6663500079261078,1.354585945417603,2.675286876219444,13.324713123780557
1.6732709419810596,1.3535969793526228,2.6846584539349845,13.315341546065016
1.680196932614168,1.3525763643269877,2.6940299195499304,13.30597008045007
1.6871281493995987,1.3515251209481343,2.703401276352054,13.296598723647946
1.6940647574246297,1.3504443259216694,2.712772527826327,13.287227472173672
1.7010069169939268,1.3493351096924213,2.7221436776482966,13.277856322351703
1.7079547833413289,1.3481986536668276,2.7315147296760087,13.26848527032399
1.7149085063512888,1.347036187020109,2.740885687940474,13.259114312059527
1.7218682302921424,1.3460602436337403,2.7502572917921984,13.249742708207801
1.7288330002898744,1.3451179127421313,2.7596290102332377,13.240370989766763
1.7358026495014356,1.3441452833585688,2.7690006207904294,13.230999379209571
1.7427773419815333,1.3431433692628874,2.778372126769075,13.221627873230926
1.74975723721427,1.3421132386158958,2.7877435316670787,13.212256468332921
1.7567424898220665,1.341056011425614,2.7971148391675844,13.202885160832416
1.7637332492833613,1.3399728565948121,2.8064860531301434,13.193513946869857
1.770729659661273,1.33886498855595,2.815857177580421,13.18414282241958
1.7777318593454334,1.3379586902552578,2.8252290045395836,13.174770995460417
1.7847388021369268,1.337060275179911,2.8346008569680654,13.165399143031934
1.7917504531253152,1.3361329143601364,2.843972605802861,13.156027394197139
1.798766970643327,1.3351776150590737,2.853344254365721,13.146655745634279
1.8057885083730358,1.334195437004917,2.8627158061655886,13.137284193834411
1.81281521506081,1.333187489676522,2.872087264890472,13.127912735109529
1.819847234242354,1.3321549291724546,2.8814586343978363,13.118541365602164
1.8268847039800697,1.3310989546725431,2.890829918703543,13.109170081296456
1.8339277566149554,1.3302527116412317,2.9002019386364375,13.099798061363563
1.8409752897024343,1.3293956952486887,2.909573918710746,13.090426081289253
1.8480273660958713,1.328511084890818,2.918945799540835,13.081054200459164
1.8550841382271859,1.3275998814326349,2.9283175844632505,13.071682415536749
1.862145753802116,1.3266631360887549,2.9376892769954956,13.062310723004504
1.8692123555226094,1.325701947524477,2.947060880827115,13.052939119172885
1.8762840808206722,1.3247174585451114,2.9564323998093043,13.043567600190695
1.8833610616059155,1.3237108523858918,2.965803837943081,13.034196162056919
1.8904434240290249,1.322916319068479,2.975176024356625,13.024823975643375
1.8975300400642714,1.3220983671130115,2.9845481261009033,13.015451873899096
1.904621040426424,1.3212541686165984,2.9939201329949814,13.006079867005019
1.9117165714928017,1.3203847179961006,3.003292048388037,12.996707951611963
1.9188167748443128,1.3194910577065937,3.012663875803146,12.987336124196855
1.9259217869967216,1.3186148012508014,3.0220357628967625,12.977964237103237
1.9330315206286413,1.31852436003429,3.031410441390283,12.968589558609716
1.940141741936768,1.3184260810069859,3.040785091997466,12.959214908002533
1.9472524932599211,1.3183655718420215,3.050159876864654,12.949840123135345
1.9543635709459846,1.31843696540559,3.0595351307072427,12.940464869292757
1.9614742635661024,1.318500561389379,3.068910356812989,12.931089643187011
1.9685846132121587,1.3185563288896684,3.078285555076202,12.921714444923797
1.9756946621305045,1.31860423840594,3.087660725395704,12.912339274604296
1.9828044527158384,1.3186442618329703,3.0970358676747964,12.902964132325204
1.9899140275051515,1.3186763724542234,3.106410981821228,12.893589018178773
1.997023429171727,1.318700544935984,3.115786067747169,12.88421393225283
2.0041327005191922,1.3187167553215835,3.1251611253691842,12.874838874630816
2.0112418844756164,1.31872498102504,3.134536154608204,12.865463845391796
2.0183510240876625,1.3187252008235149,3.143911155389493,12.856088844610507
2.025460162514793,1.3187173948481066,3.153286127642613,12.846713872357387
2.0325693430235403,1.3187015445726755,3.1626610713013785,12.837338928698621
2.0396786089818493,1.3186776328006737,3.172035986303805,12.827964013696196
2.046788003853505,1.3186595652007724,3.181410922078954,12.818589077921047
2.053897496134458,1.3186359349361132,3.190785838079362,12.809214161920638
2.0610071158191774,1.3186042757597711,3.2001607255370104,12.79983927446299
2.068116906203103,1.3187153530846407,3.2095361204052586,12.790463879594741
2.0752260977189754,1.318838562817687,3.218911558366053,12.781088441633948
2.0823346250735066,1.31895387844234,3.228286968228189,12.77171303177181
2.0894425309322555,1.319061274103422,3.237662349907313,12.762337650092686
2.0965498580777457,1.3191607251773225,3.247037703322972,12.752962296677028
2.103656649404284,1.3192522082597369,3.2564130283985606,12.74358697160144
2.1107629479128662,1.3193357011538027,3.265788325061275,12.734211674938726
2.117868796706165,1.319411182858876,3.275163593242066,12.724836406757934
2.1249742389835955,1.319478633560192,3.2845388328755982,12.715461167124403
2.132079318036452,1.3195380346194112,3.2939140439002093,12.706085956099791
2.1391840772431117,1.3195893685659106,3.3032892262578737,12.696710773742126
2.1462885600643005,1.3196326190886118,3.3126643798941715,12.687335620105829
2.1533928100384143,1.3196677710280527,3.322039504758254,12.677960495241745
2.160496870776896,1.319708279593735,3.3314146486459095,12.668585351354091
2.1676007134555872,1.3197436742794886,3.340789774365049,12.65921022563495
2.174704365613737,1.3197709812385496,3.350164871354618,12.649835128645382
2.181807870792493,1.3197901864465453,3.3595399395667656,12.640460060433234
2.18891127260308,1.3198012770192753,3.3689149789571626,12.631085021042837
2.1960146147222614,1.3199603015165768,3.3782905437598676,12.621709456240133
2.203117101054031,1.3201137217132253,3.3876660885922925,12.612333911407708
2.21021876195324,1.3202592253582501,3.3970416052510655,12.602958394748935
2.217319640189827,1.3203967913113388,3.4064170936706066,12.593582906329393
2.2244197786191924,1.3205263995059695,3.4157925537886684,12.584207446211332
2.2315192201778826,1.3206480309394104,3.4251679855462953,12.574832014453705
2.2386180078793503,1.3207616676626983,3.4345433888877825,12.565456611112218
2.2457161848097806,1.3208672927708887,3.4439187637606357,12.556081236239365
2.2528137941239863,1.320964890393789,3.4532941101155346,12.546705889884466
2.2599108790413647,1.3211523347686014,3.462669775269857,12.537330224730143
2.2670069570281943,1.3213374169090835,3.4720454319485086,12.527954568051491
2.2741020410544457,1.3215822993638888,3.481421300679305,12.518578699320695
2.28119581039784,1.32195683553822,3.490797629115921,12.50920237088408
2.288287569937918,1.3223231606439907,3.5001739280607027,12.499826071939298
2.295377364837551,1.3226813178578474,3.509550197691297,12.490449802308703
2.3024652399541234,1.3230441091890095,3.5189264834011214,12.48107351659888
2.3095511715076427,1.3233985434481077,3.5283027391495714,12.471697260850428
2.3166352052980783,1.3237446028624742,3.5376789648978635,12.462321035102136
2.323717387147755,1.3240822707743143,3.547055160610642,12.452944839389358
2.3307977628970034,1.3244115316278082,3.556431326255923,12.443568673744076
2.337876378399903,1.3247323709556664,3.565807461805043,12.434192538194957
2.344953279520117,1.3250447753650267,3.5751835672326004,12.4248164327674
2.352028512126817,1.3253487325226532,3.584559642516397,12.415440357483604
2.3591021220907065,1.325644231139441,3.5939356876373774,12.406064312362624
2.3661741552801407,1.325931260954327,3.6033117025795662,12.396688297420434
2.3732446575573496,1.3262098127177435,3.612687687330005,12.387312312669994
2.3803136747747597,1.3264798781748006,3.6220636418786882,12.377936358121312
2.3873812527714193,1.3267414500483954,3.6314395662184973,12.368560433781504
2.3944474373695246,1.3269945220224568,3.6408154603451397,12.35918453965486
2.4015122743710458,1.3272390887254868,3.6501913242570865,12.349808675742914
2.4085758095544487,1.3274751457145493,3.6595671579555105,12.340432842044489
2.415638088671512,1.3277026894597757,3.668942961444231,12.33105703855577
2.422699157444231,1.3279217173294273,3.678318734729656,12.321681265270344
2.4297590615618128,1.328171331502672,3.687694615855721,12.31230538414428
2.436817638853489,1.3285804598636908,3.6970710597878003,12.3029289402122
2.4438740424987464,1.3289813429170527,3.70644747418412,12.29355252581588
2.4509283176019787,1.3293739646350462,3.715823859014925,12.284176140985075
2.457980509272194,1.3297583099194326,3.7252002142532317,12.274799785746769
2.4650306626196605,1.330134364591433,3.734576539874784,12.265423460125216
2.4720788227526254,1.330502115381778,3.7439528358580136,12.256047164141986
2.4791250347740994,1.330861549920712,3.753329102183998,12.246670897816003
2.4861693437787125,1.3312126567278522,3.7627053388364193,12.237294661163581
2.493211794849636,1.3315554252018535,3.7720815458015227,12.227918454198477
2.5002524330555738,1.3318898456098571,3.7814577230680735,12.218542276931927
2.5072913034478224,1.3322159090767633,3.790833870627315,12.209166129372685
2.5143284510573993,1.332533607574387,3.8002099884729263,12.199790011527075
2.5213639208922394,1.3328429339105992,3.80958607660098,12.19041392339902
2.5283977579344583,1.3331438817185624,3.8189621350099,12.181037864990099
2.5354300071376836,1.333436445446165,3.8283381637004203,12.17166183629958
2.5424607134244486,1.3337206203457566,3.837714162675547,12.162285837324454
2.549489921683649,1.3339964024642355,3.8470901319405195,12.152909868059481
2.5565176767680566,1.3342637886335202,3.8564660715027745,12.143533928497225
2.563544023491894,1.33452277646139,3.8658419813719123,12.134158018628089
2.5705690066284568,1.3347733643226298,3.875217861559662,12.124782138440338
2.577592670907791,1.3350155513503934,3.88459371207985,12.11540628792015
2.584615061014421,1.3352493374276713,3.893969532948368,12.106030467051632
2.5916362215851207,1.3354747231787292,3.9033453241831424,12.096654675816858
2.5986561972067372,1.3358671757738152,3.912721701686967,12.087278298313032
2.6056741104918433,1.3362723228994888,3.922098123330665,12.077901876669335
2.612689896001535,1.336669340638686,3.9314745160263156,12.068525483973684
2.6197035976815033,1.3370582177138137,3.9408508797602133,12.059149120239788
2.626715259459425,1.3374389436266194,3.9502272145208788,12.04977278547912
2.6337249252424315,1.3378115086506346,3.959603520299029,12.04039647970097
2.6407326389146335,1.3381759038232164,3.968979797087546,12.031020202912455
2.6477384443346947,1.3385321209371768,3.9783560448814397,12.02164395511856
2.654742385333463,1.3388801525320184,3.987732263677818,12.012267736322181
2.661744505711654,1.339219991884833,3.9971084534758465,12.002891546524154
2.668744849237594,1.339551633000939,4.006484614276717,11.993515385723283
2.675743459645016,1.3398750706043392,4.0158607460836055,11.984139253916394
2.682740380630919,1.3401903001280937,4.02523684890164,11.97476315109836
2.689735655853478,1.3404973177046755,4.034612922737863,11.965387077262136
2.696729328930014,1.3407961201563667,4.0439889676011935,11.956011032398806
2.703721443435019,1.3410867049857325,4.053364983502394,11.946635016497606
2.7107120428982356,1.341369070366162,4.0627409704540325,11.937259029545967
2.7177011708027883,1.3416432151324733,4.07211692847045,11.92788307152955
2.72468887058337,1.3419091387715274,4.081492857567727,11.918507142432272
2.731675185624478,1.342166841412803,4.090868757763647,11.909131242236352
2.7386601592587034,1.3424163238188767,4.100244629077661,11.899755370922339
2.74564383476507,1.3426575873757558,4.1096204715308575,11.890379528469143
2.7526262553674243,1.3428906340830271,4.118996285145923,11.881003714854078
2.759607464232882,1.3431154665438065,4.128372069947107,11.871627930052892
2.766587504470319,1.343408760506068,4.137748093548937,11.862251906451064
2.773566020820375,1.3438046869047953,4.14712447503836,11.85287552496164
2.780542481083803,1.344192676846205,4.156500828436564,11.843499171563437
2.7875169276504934,1.3445727222169133,4.16587715373963,11.834122846260371
2.7944894028800538,1.3449448155417751,4.175253450945375,11.824746549054625
2.801459949099992,1.3453089499751203,4.184629720053324,11.815370279946677
2.808428608603947,1.3456651192918971,4.194005961064671,11.805994038935328
2.8153954236499765,1.346013317878801,4.203382173982249,11.796617826017751
2.8223604364588946,1.3463535407254623,4.2127583588104915,11.787241641189508
2.829323689212661,1.3466857834157724,4.222134515555406,11.777865484444593
2.8362852240528236,1.3470100421193971,4.231510644224538,11.768489355775461
2.8432450830790037,1.3473263135835283,4.24088674482694,11.759113255173059
2.8502033083474356,1.3476345951248798,4.250262817373146,11.749737182626854
2.857159941869545,1.3479348846219394,4.259638861875136,11.740361138124864
2.864115025610574,1.3482271805074415,4.269014878346317,11.730985121653683
2.8710686014882474,1.3485114817610355,4.2783908668014865,11.721609133198513
2.8780207113714775,1.3487877879021015,4.287766827256814,11.712233172743186
2.8849713970791098,1.3490560989826699,4.29714275972981,11.702857240270191
2.8919207003787055,1.3493164155804056,4.306518664239306,11.693481335760694
2.8988686629853615,1.34956873879163,4.315894540805424,11.684105459194576
2.905815326560567,1.3498130702243591,4.325270389449556,11.674729610550443
2.9127607327110954,1.3500494119913609,4.334646210194337,11.665353789805664
2.9197049229879326,1.3502777667032468,4.344022003063622,11.655977996936379
2.926647938885239,1.3504981374616096,4.353397768082461,11.646602231917539
2.9335898218393472,1.3507105278522502,4.362773505277077,11.637226494722924
2.940530613227793,1.3509149419385162,4.372149214674842,11.627850785325158
2.9474703543683765,1.3512849616985845,4.381525498595518,11.618474501404481
2.9544081952130017,1.351653897832089,4.390901778405606,11.609098221594394
2.961344142362665,1.3520151251648396,4.4002780311324505,11.599721968867549
2.9682782363868405,1.3523686382016196,4.409654256778769,11.590345743221231
2.9752105178189705,1.3527144319662159,4.419030455348615,11.580969544651385
2.9821410271552042,1.3530525019960788,4.428406626847364,11.571593373152636
2.9890698048531648,1.3533828443370939,4.437782771281687,11.562217228718314
2.9959968913307478,1.35370545553844,4.447158888659533,11.552841111340467
3.00292232696495,1.354020332647508,4.456534978990108,11.543465021009892
3.009846152090729,1.3543274732048327,4.465911042283862,11.534088957716138
3.016768406999887,1.3546268752389965,4.475287078552462,11.524712921447538
3.0236891319399897,1.3549185372614476,4.484663087808778,11.515336912191222
3.0306083671133077,1.3552024582611935,4.494039070066862,11.505960929933138
3.03752615267579,1.355478637699329,4.503415025341927,11.496584974658074
3.0444425287360666,1.3557470755033816,4.512790953650328,11.487209046349673
3.0513575353544797,1.3560077720614514,4.522166855009541,11.47783314499046
3.0582712125421465,1.3562607282161598,4.531542729438139,11.46845727056186
3.065183600260053,1.3565059452584207,4.540918576955775,11.459081423044225
3.072094738418179,1.3567434249210555,4.550294397583154,11.449705602416845
3.079004666874656,1.356973169372291,4.559670191342015,11.440329808657985
3.085913425434957,1.3571951812091714,4.569045958255104,11.430954041744897
3.0928210538511203,1.357409463450912,4.578421698346155,11.421578301653845
3.0997275918210017,1.3576160195322275,4.587797411639864,11.412202588360136
3.1066330789875645,1.357814853296646,4.597173098161868,11.402826901838132
3.113537554938198,1.3580059689898216,4.606548757938721,11.393451242061278
3.1204410592040692,1.3581893712528463,4.615924390997873,11.384075609002128
3.1273436312595053,1.358507774473752,4.625300489898461,11.37469951010154
3.1342445855095695,1.3588504607027234,4.634676672329455,11.365323327670545
3.141143799419503,1.3591856952189443,4.644052828756774,11.355947171243226
3.1480413116821597,1.3595134740673605,4.653428959186087,11.346571040813913
3.1549371609538497,1.3598337937264104,4.6628050636241305,11.33719493637587
3.1618313858534304,1.360146651102063,4.672181142078685,11.327818857921315
3.1687240249614295,1.3604520435217764,4.681557194558553,11.318442805441446
3.1756151168191997,1.3607499687283777,4.690933221073536,11.309066778926464
3.182504699928109,1.3610404248738686,4.700309221634413,11.299690778365587
3.1893928127487614,1.3613234105131748,4.709685196252918,11.290314803747082
3.1962794937002523,1.3615989245978588,4.719061144941717,11.280938855058283
3.203164781159457,1.3618669664698346,4.728437067714387,11.271562932285612
3.210048713460349,1.3621275358551237,4.737812964585391,11.262187035414609
3.216931328893356,1.3623806328576913,4.747188835570059,11.252811164429941
3.2238126657047395,1.3626262579534052,4.756564680684565,11.243435319315434
3.2306927620960133,1.3628644119841564,4.765940499945908,11.23405950005409
3.2375716562233836,1.363095096152165,4.775316293371892,11.224683706628108
3.2444493861972235,1.363318312014492,4.784692060981105,11.215307939018896
3.25132599008157,1.3635340614777631,4.794067802792903,11.205932197207098
3.25820150589365,1.3637423467931011,4.803443518827393,11.196556481172607
3.265075971603427,1.3639431705512501,4.812819209105412,11.187180790894587
3.271949425133174,1.3641365356778723,4.8221948736485185,11.177805126351481
3.2788219043570677,1.3643224454289886,4.83157051247897,11.168429487521031
3.285693447100801,1.3645009033865385,4.840946125619712,11.159053874380287
3.292564091141221,1.3646719134540308,4.850321713094362,11.149678286905637
3.2994338742059806,1.3648354798522677,4.859697274927198,11.140302725072802
3.3063028339732154,1.3650300959843953,4.869072943332389,11.13092705666761
3.313170814413778,1.365348776425125,4.878449037677906,11.121550962322093
3.3200371918272817,1.3656602711753405,4.887825107098164,11.112174892901836
3.32690200308223,1.3659645766753268,4.897201151598075,11.102798848401925
3.3337652850150734,1.3662616897203317,4.906577171183372,11.093422828816628
3.340627074429603,1.3665516074569652,4.9159531658606,11.0840468341394
3.3474874080963612,1.3668343273796304,4.925329135637101,11.074670864362899
3.3543463227520776,1.3671098473269923,4.934705080521004,11.065294919478996
3.361203855099116,1.3673781654785007,4.944081000521206,11.055918999478795
3.368060041804949,1.3676392803509674,4.953456895647364,11.046543104352637
3.374914919501643,1.3678931907952117,4.962832765909885,11.037167234090115
3.3817685247853637,1.3681398959927669,4.972208611319908,11.027791388680093
3.3886208942159017,1.3683793954526413,4.981584431889297,11.018415568110704
3.3954720643162077,1.3686116890081175,4.9909602276306275,11.009039772369373
3.4023220715719504,1.3688367768135667,5.000335998557178,10.999664001442822
3.4091709524310865,1.3690546593412471,5.009711744682915,10.990288255317086
3.4160187433034475,1.369265337378056,5.019087466022484,10.980912533977516
3.4228654805603416,1.3694688120222027,5.028463162591197,10.971536837408802
3.4297112005341734,1.3696650846797744,5.037838834405023,10.962161165594978
3.4365559395180774,1.3698541570611713,5.047214481480573,10.952785518519427
3.443399733765571,1.3700360311773925,5.056590103835089,10.943409896164912
3.4502426194902207,1.370210709336167,5.065965701486428,10.934034298513572
3.457084632865333,1.3703781941379378,5.075341274453056,10.924658725546944
3.463925810023656,1.3705384884716978,5.084716822754023,10.915283177245977
3.470766187057105,1.3706915955107108,5.09409234640896,10.90590765359104
3.477605800016508,1.3708375187081243,5.103467845438056,10.896532154561944
3.484444684911368,1.370976261792515,5.112843319862048,10.887156680137952
3.4912828777096463,1.3711745487379838,5.122218997824229,10.877781002175771
3.4981200816299123,1.371465287002771,5.131594991742631,10.868405008257369
3.504955836124646,1.3717490924627276,5.140970961754856,10.859029038245144
3.5117901763487525,1.3720259618096136,5.150346907864512,10.849653092135487
3.51862313743036,1.3722958920446313,5.159722830075908,10.840277169924093
3.5254547544703496,1.372558880474357,5.169098728394027,10.830901271605974
3.532285062541913,1.3728149247066428,5.17847460282452,10.821525397175481
3.539114096690127,1.3730640226465063,5.187850453373688,10.812149546626312
3.545941891931554,1.3733061724920066,5.197226280048469,10.802773719951531
3.5527684832538577,1.3735413727301014,5.2066020828564215,10.79339791714358
3.559593905615447,1.3737696221324918,5.215977861805709,10.784022138194292
3.566418193945136,1.3739909197514375,5.225353616905088,10.774646383094911
3.5732413831418275,1.374205264915554,5.234729348163892,10.765270651836108
3.580063508074216,1.3744126572255788,5.244105055592017,10.755894944407984
3.5868846035805135,1.3746130965501249,5.2534807391999045,10.746519260800095
3.593704704468195,1.3748065830214278,5.262856398998532,10.737143601001467
3.6005238455137643,1.3749931170311023,5.272232034999393,10.727767965000606
3.6073420614625413,1.3751726992259377,5.281607647214486,10.718392352785514
3.61415938702847,1.375345330503749,5.290983235656298,10.709016764343701
3.6209758568939447,1.375511012009318,5.300358800337793,10.699641199662207
3.6277915057096566,1.3756697451304432,5.309734341272397,10.690265658727604
3.6346063680944587,1.3758215314941273,5.319109858473987,10.680890141526014
3.641420478635249,1.3759663729629177,5.328485351956877,10.671514648043123
3.648233871886868,1.376104271631408,5.337860821735806,10.662139178264194
3.6550465823720155,1.3762352298229077,5.347236267825927,10.652763732174073
3.661858644581182,1.3763592500862791,5.356611690242802,10.6433883097572
3.66867009297259,1.3764763351929263,5.365987089002383,10.634012910997617
3.675480961972155,1.3766674950850906,5.375362739984875,10.624637260015124
3.682290885235013,1.3769339994224767,5.384738647421918,10.61526135257808
3.689099490443347,1.3771938067324179,5.39411453188462,10.60588546811538
3.6959068112098,1.377446913408138,5.403490393373785,10.596509606626215
3.702712881127082,1.377693316099288,5.4128662318907566,10.587133768109243
3.7095177337676852,1.3779330117093462,5.4222420474374085,10.577757952562592
3.7163214026836147,1.3781659973930986,5.431617840016136,10.568382159983864
3.72312392140613,1.378392270554167,5.440993609629843,10.559006390370158
3.7299253234455008,1.3786118288425842,5.450369356281938,10.54963064371806
3.7367256422907777,1.378824670152401,5.459745079976323,10.540254920023678
3.743524911409573,1.3790307926193177,5.469120780717385,10.530879219282614
3.750323164247853,1.3792301946183456,5.478496458509988,10.521503541490013
3.757120434229746,1.379422874761489,5.487872113359464,10.512127886640535
3.7639167547573584,1.3796088318954562,5.497247745271608,10.502752254728392
3.7707121592106043,1.3797880650994019,5.506623354252664,10.493376645747336
3.7775066809470457,1.3799605736826919,5.5159989403093235,10.484001059690677
3.7843003533017425,1.3801263571827003,5.525374503448714,10.474625496551287
3.7910932095871175,1.380285415362621,5.534750043678393,10.465249956321607
3.7978852830928256,1.3804377482092938,5.5441255610063385,10.45587443899366
3.8046766070856397,1.380583355931026,5.553501055440946,10.446498944559053
3.811467214809342,1.3807222389553955,5.5628765269910145,10.437123473008985
3.8182571394846283,1.3808543979270207,5.572251975665746,10.427748024334253
3.8250464143090226,1.3809798337052768,5.581627401474732,10.418372598525268
3.8318350724568004,1.3810985473619475,5.591002804427949,10.408997195572052
3.8386231470789243,1.3812105401787955,5.600378184535748,10.399621815464252
3.845410671302991,1.3813158136450465,5.609753541808849,10.39024645819115
3.8521976782331886,1.3814143694547802,5.619128876258331,10.38087112374167
3.8589842009502644,1.3816041826149608,5.628504520343992,10.371495479656009
3.8657697912936984,1.3818499499976329,5.637880354182381,10.362119645817618
3.872554174793525,1.3820892302916943,5.647256165867021,10.35274383413298
3.8793373837170337,1.3823220193739778,5.656631955395511,10.343368044604489
3.886119450318451,1.3825483133557914,5.666007722765939,10.33399227723406
3.892900406838693,1.3827681085804515,5.67538346797687,10.32461653202313
3.8996802855051342,1.3829814016207314,5.684759191027337,10.315240808972664
3.906459118531387,1.383188189276247,5.694134891916831,10.305865108083168
3.9132369381170973,1.3833884685707873,5.703510570645293,10.296489429354708
3.9200137764477545,1.3835822367495987,5.712886227213104,10.287113772786896
3.9267896656945145,1.3837694912766423,5.722261861621071,10.277738138378929
3.9335646380140377,1.383950229831829,5.731637473870425,10.268362526129575
3.940338725548341,1.3841244503082397,5.741013063962804,10.258986936037196
3.9471119604246647,1.3842921508093393,5.750388631900245,10.249611368099755
3.9538843747553525,1.3844533296461814,5.759764177685177,10.240235822314823
3.9606560006377474,1.3846079853346185,5.769139701320409,10.230860298679591
3.9674268701540996,1.3847561165924995,5.7785152028091185,10.221484797190882
3.974197015371489,1.3848977223368797,5.787890682154845,10.212109317845155
3.980966468341764,1.3850328016812274,5.797266139361479,10.20273386063852
3.987735261101488,1.3851613539326435,5.806641574433254,10.193358425566746
3.9945034256719065,1.385283378589099,5.8160169873747325,10.183983012625268
4.001270994058924,1.385398875336697,5.825392378190801,10.174607621809198
4.0080379982530925,1.385507844046973,5.834767746886661,10.165232253113338
4.014804470229618,1.3856102847742466,5.8441430934678165,10.155856906532183
4.0215704419483735,1.385706197753033,5.853518417940067,10.146481582059934
4.0283359453539305,1.385795583395527,5.862893720309501,10.1371062796905
4.035101012375597,1.385878442289175,5.8722690005824845,10.127730999417516
4.041865674927468,1.3860809332820827,5.881644685474103,10.118355314525896
4.048629349237453,1.3863090328547971,5.891020456869713,10.108979543130287
4.055391910670595,1.386530829913095,5.900396206827829,10.099603793172172
4.062153390327407,1.3867463197466583,5.909771935342892,10.090228064657108
4.068913819301693,1.3869554978495613,5.9191476424097464,10.080852357590253
4.07567322868039,1.3871583599180397,5.92852332802363,10.07147667197637
4.082431649543423,1.3873549018483156,5.9378989921801715,10.062101007819829
4.089189112963569,1.3875451197344912,5.9472746348753756,10.052725365124624
4.095945650006339,1.3877290098664887,5.95665025610562,10.04334974389438
4.102701291729864,1.3879065687280514,5.966025855867647,10.033974144132353
4.109456069184799,1.3880777929947863,5.975401434158556,10.024598565841444
4.116210013414231,1.3882426795322498,5.984776990975795,10.015223009024204
4.122963155453603,1.3884012253940696,5.994152526317157,10.005847473682843
4.129715526330645,1.3885534278200964,6.003528040180771,9.996471959819228
4.136467157065313,1.388699284234584,6.012903532565096,9.987096467434904
4.143218078669746,1.3888387922443948,6.022279003468914,9.977720996531087
4.14996832214822,1.3889719496372268,6.031654452891325,9.968345547108676
4.156717918497123,1.38909875437987,6.041029880831739,9.95897011916826
4.163466898704931,1.3892192046164822,6.05040528728987,9.94959471271013
4.170215293752196,1.3893332986668845,6.059780672265731,9.940219327734269
4.176963134611546,1.3894410350248867,6.06915603575963,9.93084396424037
4.183710452247686,1.3895424123566216,6.07853137777216,9.92146862222784
4.190457277617414,1.3896374294988965,6.087906698304193,9.912093301695807
4.19720364166964,1.3897260854575546,6.0972819973568795,9.90271800264312
4.203949575345422,1.3898083794058356,6.106657274931639,9.893342725068361
4.210695109577996,1.3898843106827252,6.116032531030153,9.883967468969846
4.2174402752928275,1.3899668573999955,6.125407809425796,9.874592190574205
4.224185040428837,1.3901859990687082,6.134783548455339,9.865216451544661
4.230928742355255,1.3903990027151347,6.144159266671888,9.855840733328112
4.237671411173122,1.3906058628101619,6.153534964066445,9.846465035933555
4.2444130769827675,1.3908065740151807,6.162910640630379,9.837089359369621
4.251153769883675,1.3910011311804225,6.172286296355431,9.82771370364457
4.257893519974349,1.39118952934328,6.181661931233698,9.818338068766302
4.26463235735219,1.3913717637266065,6.191037545257635,9.808962454742364
4.2713703121133895,1.391547829737001,6.200413138420042,9.799586861579957
4.278107414352823,1.3917177229630657,6.209788710714058,9.790211289285942
4.284843694163961,1.3918814391736505,6.21916426213316,9.780835737866841
4.29157918163879,1.3920389743160722,6.22853979267115,9.77146020732885
4.298313906867734,1.392190324514318,6.237915302322149,9.762084697677851
4.305047899939601,1.392335486067235,6.247290791080594,9.752709208919406
4.311781190941528,1.3924744554467285,6.256666258941231,9.74333374105877
4.318513809958939,1.3926072292959515,6.266041705899102,9.733958294100898
4.3252457870755165,1.3927338044274975,6.275417131949547,9.724582868050453
4.331977152373176,1.3928541778215904,6.284792537088191,9.71520746291181
4.338707935932057,1.3929683466242762,6.294167921310941,9.70583207868906
4.34543816783052,1.3930763081456126,6.303543284613979,9.69645671538602
4.352167878145154,1.3931780598578576,6.312918626993752,9.687081373006247
4.358897096950793,1.3932735993936585,6.322293948446972,9.677706051553027
4.365625854320545,1.3933629245442314,6.331669248970605,9.668330751029394
4.3723541803258215,1.3934460332575456,6.341044528561863,9.658955471438137
4.379082105036392,1.393522923636499,6.350419787218204,9.649580212781796
4.385809658520432,1.393593593937101,6.359795024937317,9.640204975062684
4.392536870844589,1.3936580425666607,6.369170241717125,9.630829758282875
4.3992637720740575,1.3937890832192268,6.378545682465888,9.621454317534113
4.4059900408566675,1.393995064100032,6.387921375207273,9.612078624792726
4.412715315745681,1.3941950440656092,6.397297047667394,9.602702952332606
4.419439625977527,1.3943890170462807,6.406672699834643,9.593327300165356
4.4261630007928705,1.3945769771479557,6.41604833169775,9.58395166830225
4.4328854694364965,1.3947589186505038,6.425423943245773,9.574576056754227
4.439607061157216,1.3949348360061233,6.434799534468095,9.565200465531905
4.446327805207771,1.39510472383771,6.444175105354411,9.555824894645589
4.453047730844759,1.3952685769372248,6.453550655894733,9.546449344105266
4.459766867328559,1.3954263902640736,6.462926186079374,9.537073813920626
4.466485243923276,1.3955781589434844,6.472301695898945,9.527698304101055
4.473202889896681,1.3957238782649033,6.481677185344351,9.518322814655649
4.47991983452018,1.3958635436803886,6.491052654406782,9.508947345593217
4.4866361070687715,1.3959971508030158,6.500428103077708,9.499571896922292
4.49335173682103,1.3961246954052844,6.5098035313488705,9.49019646865113
4.500066753059087,1.3962461734175273,6.519178939212283,9.480821060787717
4.506781185068633,1.3963615809263201,6.528554326660219,9.471445673339781
4.513495062138912,1.3964709141728917,6.537929693685207,9.462070306314793
4.520208413562742,1.39657416955153,6.547305040280029,9.45269495971997
4.526921268636533,1.3966713436079952,6.556680366437708,9.443319633562293
4.53363365666032,1.3967624330379338,6.566055672151507,9.433944327848494
4.540345606937798,1.3968474346852993,6.575430957414922,9.424569042585077
4.547057148776376,1.3969263455407879,6.584806222221677,9.415193777778324
4.553768311487228,1.396999162740289,6.594181466565714,9.405818533434285
4.5604791243853615,1.3970658835633583,6.603556690441193,9.396443309558807
4.567189616789691,1.3971265054317132,6.612931893842487,9.387068106157514
4.573899818023118,1.3971810259077593,6.62230707676417,9.37769292323583
4.580609757412617,1.3973761766858714,6.631682731489116,9.368317268510884
4.587318759724532,1.3975706507678798,6.641058383852649,9.358941616147352
4.59402682846857,1.3977592416804026,6.650434016393053,9.349565983606947
4.600733992134845,1.3979419428811881,6.659809629096481,9.34019037090352
4.607440279221903,1.3981187479903572,6.669185221949391,9.330814778050609
4.6141457182366326,1.3982896507888658,6.678560794938537,9.321439205061463
4.620850337694204,1.3984546452169884,6.687936348050964,9.312063651949035
4.627554166118004,1.3986137253728146,6.697311881274,9.302688118726
4.634257232039583,1.3987668855107613,6.706687394595249,9.29331260540475
4.640959563998619,1.3989141200400983,6.716062888002595,9.283937111997405
4.647661190542879,1.3990554235234838,6.725438361484183,9.274561638515816
4.654362140228195,1.3991907906755148,6.73481381502842,9.26518618497158
4.661062441618454,1.3993202163612852,6.744189248623972,9.255810751376028
4.667762123285584,1.3994436955949572,6.753564662259751,9.246435337740248
4.674461213809561,1.3995612235383457,6.762940055924917,9.237059944075083
4.681159741778418,1.3996727954995174,6.7723154296088675,9.227684570391133
4.687857735788264,1.399778406931409,6.7816907833012365,9.218309216698763
4.6945552244433095,1.3998780534304691,6.791066116991885,9.208933883008115
4.701252236355901,1.3999717307353157,6.800441430670898,9.199558569329103
4.707948800146569,1.4000594347254285,6.809816724328581,9.19018327567142
4.71464494444407,1.4001411614198598,6.819191997955451,9.18080800204455
4.721340697885454,1.4002169069759738,6.828567251542235,9.171432748457764
4.728036089116122,1.4002866676882093,6.837942485079865,9.162057514920136
4.734731146789904,1.4003504399868605,6.847317698559475,9.152682301440525
4.741425899569135,1.4004082204368764,6.856692891972389,9.14330710802761
4.748120376124747,1.4004600057366703,6.8660680653101265,9.133931934689873
4.754814605136355,1.4005888767513368,6.875443496656168,9.124556503343833
4.761508218198416,1.4007789048515946,6.884819132643456,9.115180867356544
4.768200923212412,1.4009631583840128,6.894194749220725,9.105805250779275
4.774892748007301,1.401141630238548,6.903570346371916,9.096429653628084
4.781583720424132,1.4013143134578299,6.912945924081245,9.087054075918754
4.788273868315983,1.4014812012359712,6.922321482333204,9.077678517666797
4.794963219547903,1.4016422869173832,6.931697021112555,9.068302978887445
4.801651801996866,1.4017975639955886,6.941072540404326,9.058927459595674
4.808339643551732,1.4019470261120286,6.950448040193803,9.049551959806198
4.815026772113215,1.4020906670548656,6.959823520466528,9.040176479533471
4.821713215593858,1.402228480757777,6.9691989812082955,9.030801018791704
4.82839900191802,1.4023604612987426,6.978574422405144,9.021425577594856
4.8350841590218625,1.4024866028988303,6.98794984404335,9.01205015595665
4.841768714853357,1.4026068999209698,6.997325246109431,9.00267475389057
4.848452697372285,1.4027213468687278,7.00670062859013,8.99329937140987
4.855136134550259,1.4028299383850769,7.016075991472418,8.983924008527582
4.861819054370741,1.402932669251162,7.025451334743488,8.974548665256512
4.868501484829078,1.4030295343850612,7.034826658390749,8.965173341609251
4.875183453932537,1.4031205288405442,7.04420196240182,8.95579803759818
4.881864989700349,1.4032056478058197,7.053577246764526,8.946422753235474
4.88854612016377,1.4032848866022765,7.062952511466894,8.937047488533107
4.895226873366136,1.403358240683215,7.072327756497149,8.927672243502851
4.901907277362934,1.4034257056325645,7.081702981843708,8.918297018156292
4.90858736022188,1.403487277163591,7.091078187495172,8.908921812504829
4.915267150023,1.4035429511175916,7.100453373440327,8.899546626559673
4.921946674858727,1.4035927234625813,7.1098285396681336,8.890171460331867
4.928625962833997,1.403670524513225,7.119203799495944,8.880796200504056
4.935304880597302,1.4038569114341473,7.128579421927402,8.871420578072598
4.941982911615736,1.4040376197015905,7.13795502531511,8.86204497468489
4.948660083130551,1.40421264173772,7.147330609641187,8.852669390358813
4.955336422398084,1.4043819701099745,7.156706174888017,8.843293825111983
4.962011956689702,1.404545597529782,7.166081721038243,8.833918278961757
4.968686713291758,1.4047035168512576,7.17545724807476,8.82454275192524
4.97536071950555,1.4048557210698887,7.18483275598071,8.815167244019289
4.9820340026472945,1.405002203321206,7.194208244739479,8.805791755260522
4.9887065900481105,1.4051429568794531,7.203583714334688,8.796416285665313
4.995378509054003,1.4052779751562565,7.212959164750192,8.787040835249808
5.002049787025863,1.4054072516992913,7.222334595970068,8.777665404029932
5.008720451339474,1.4055307801909616,7.231710007978619,8.76828999202138
5.015390529385524,1.4056485544470805,7.241085400760359,8.758914599239642
5.022060048569633,1.4057605684155647,7.250460774300016,8.749539225699984
5.02872903631238,1.4058668161751402,7.259836128582519,8.740163871417481
5.035397520049343,1.4059672919340547,7.269211463593001,8.730788536407
5.0420655272311485,1.4060619900288083,7.278586779316789,8.72141322068321
5.0487330853235255,1.4061509049228933,7.2879620757394,8.7120379242606
5.055400221807369,1.4062340312055484,7.297337352846537,8.702662647153463
5.062066964178809,1.4063113635905298,7.30671261062408,8.69328738937592
5.068733339949296,1.4063828969148993,7.316087849058091,8.683912150941909
5.075399376645679,1.4064486261378288,7.3254630681347965,8.674536931865203
5.082065101810304,1.4065085463394322,7.334838267840594,8.665161732159406
5.088730543001116,1.406562652719615,7.344213448162041,8.65578655183796
5.095395727791764,1.4066109405969502,7.353588609085853,8.646411390914146
5.102060683771717,1.4066534054075874,7.3629637505989,8.637036249401099
5.10872543854639,1.4068341425002224,7.372339352883101,8.6276606471169
5.115389337094757,1.407011899037569,7.381714945158866,8.618285054841134
5.122052393751501,1.4071840545290426,7.391090518699763,8.608909481300238
5.128714635247079,1.4073506011327572,7.40046607348661,8.59953392651339
5.135376088329527,1.407511531141558,7.409841609500462,8.590158390499539
5.142036779764428,1.4076668369818621,7.419217126722602,8.580782873277398
5.148696736334905,1.4078165112125136,7.42859262513454,8.57140737486546
5.155355984841606,1.40796054652366,7.4379681047180055,8.562031895281994
5.162014552102704,1.4080989357356428,7.447343565454944,8.552656434545057
5.168672464953907,1.4082316717979044,7.456719007327512,8.54328099267249
5.175329750248472,1.4083587477879091,7.466094430318072,8.533905569681927
5.181986434857223,1.4084801569100747,7.475469834409189,8.52453016559081
5.1886425456685865,1.4085958924947146,7.484845219583627,8.515154780416374
5.195298109588624,1.4087059479969863,7.494220585824342,8.505779414175658
5.2019531535410755,1.4088103169958457,7.50359593311448,8.496404066885521
5.208607704467414,1.4089089931930077,7.512971261437369,8.487028738562632
5.215261789326901,1.4090019704119086,7.522346570776522,8.477653429223478
5.22191543509665,1.409089242596673,7.531721861115623,8.468278138884376
5.228568668771704,1.4091708038110826,7.541097132438533,8.458902867561466
5.235221517365107,1.409246648237549,7.550472384729275,8.449527615270725
5.241874007907998,1.4093167701760863,7.559847617972042,8.440152382027957
5.248526167449695,1.4093811640432885,7.569222832151182,8.430777167848818
5.255178023057801,1.4094398243713055,7.578598027251198,8.421401972748802
5.261829601818307,1.4094927458068216,7.5879732032567455,8.412026796743255
5.2684809308357075,1.4095399231100287,7.597348360152629,8.40265163984737
5.275132037233116,1.409581351153603,7.606723497923792,8.393276502076208
5.2817829481523955,1.4097337761436581,7.616099004806307,8.383900995193693
5.2884331399536055,1.4099090184596041,7.625474587503812,8.374525412496187
5.295082505180195,1.4100787362869913,7.634850151761722,8.365149848238278
5.301731070085646,1.4102429214442609,7.64422569755956,8.355774302440441
5.308378860943124,1.4104015658777855,7.653601224877068,8.346398775122932
5.315025904045466,1.4105546616608224,7.662976733694203,8.337023266305797
5.321672225705176,1.4107022009924644,7.672352223991131,8.32764777600887
5.3283178522544254,1.410844176196585,7.681727695748224,8.318272304251776
5.3349628100450674,1.4109805797207835,7.691103148946054,8.308896851053946
5.341607125448654,1.4111114041353188,7.70047858356539,8.29952141643461
5.348250824856458,1.411236642132044,7.7098539995871915,8.290146000412808
5.354893934679511,1.4113562865233293,7.719229396992607,8.280770603007394
5.36153648134864,1.4114703302409888,7.728604775762965,8.271395224237036
5.3681784913145165,1.4115787663351973,7.7379801358797735,8.262019864120226
5.374819991047712,1.4116815879734088,7.747355477324715,8.252644522675286
5.3814610070387605,1.4117787884392772,7.756730800079639,8.243269199920361
5.388101565798228,1.4118703611315733,7.766106104126561,8.23389389587344
5.394741693856789,1.4119562995631094,7.775481389447657,8.224518610552343
5.401381417765313,1.4120365973596665,7.784856656025258,8.215143343974741
5.408020764094955,1.412111248258922,7.794231903841845,8.205768096158156
5.414659759437255,1.4121802461093884,7.803607132880049,8.19639286711995
5.421298430404242,1.4122435848693549,7.812982343122641,8.187017656877359
5.427936803628552,1.4123012586058343,7.822357534552535,8.177642465447466
5.434574905763542,1.4123532614935206,7.831732707152775,8.168267292847226
5.441212763483421,1.412399587813751,7.841107860906537,8.158892139093464
5.447850403483381,1.4124402319534803,7.850482995797121,8.14951700420288
5.454487852479742,1.412573910869398,7.859858439440614,8.140141560559385
5.461124673341193,1.4127469650484688,7.869234013705406,8.130765986294595
5.467760681226497,1.4129145646558492,7.878609569801564,8.121390430198435
5.4743959019500394,1.413076701242003,7.887985107707582,8.112014892292418
5.48103036134758,1.4132333664787684,7.897360627402159,8.102639372597842
5.487664085276246,1.413384552158325,7.906736128864188,8.093263871135811
5.494297099614547,1.4135302501921525,7.916111612072761,8.083888387927239
5.500929430262389,1.4136704526099926,7.9254870770071575,8.074512922992842
5.507561103141093,1.4138051515588053,7.9348625236468395,8.065137476353161
5.514192144193435,1.4139343393017327,7.944237951971453,8.055762048028548
5.520822579383679,1.4140580082170602,7.953613361960817,8.046386638039184
5.52745243469762,1.414176150797188,7.962988753594923,8.037011246405077
5.534081736142646,1.4142887596476064,7.972364126853931,8.02763587314607
5.540710509747787,1.4143958274858792,7.981739481718161,8.018260518281839
5.547338781563792,1.4144973471406341,7.991114818168094,8.008885181831907
5.553966577663199,1.4145933115505618,8.000490136184364,7.999509863815636
5.5605939241404165,1.414683713763425,8.009865435747757,7.9901345642522426
5.567220847111813,1.4147685469350741,8.019240716839205,7.980759283160795
5.573847372715814,1.414847804328475,8.02861597943978,7.971384020560221
5.580473527113,1.4149214793127416,8.037991223530689,7.962008776469311
5.58709933648622,1.41498956536218,8.047366449093282,7.952633550906718
5.593724827040703,1.4150520560553448,8.05674165610903,7.943258343890969
5.600350025004186,1.415108945074104,8.066116844559536,7.933883155440464
5.606974956627036,1.415160226202716,8.075492014426521,7.924507985573479
5.613599648182392,1.4152058933269216,8.084867165691827,7.915132834308173
5.6202241259663,1.4152459404330466,8.09424229833741,7.905757701662591
5.626848416297867,1.4153691693201014,8.103617706489372,7.896382293510628
5.6334721298866715,1.415540306685203,8.112993273271817,7.887006726728183
5.640095042675325,1.4157060550513743,8.122368822140304,7.877631177859696
5.646717180065039,1.4158664057811394,8.131744353072586,7.868255646927414
5.6533385674796435,1.4160213503521246,8.141119866046603,7.858880133953397
5.659959230365601,1.4161708803560635,8.150495361040477,7.849504638959523
5.666579194192031,1.416314987497811,8.15987083803251,7.840129161967489
5.673198484450735,1.4164536635943683,8.169246297001179,7.8307537029988215
5.679817126656234,1.4165869005739151,8.178621737925125,7.821378262074875
5.686435146345814,1.4167146904748529,8.187997160783166,7.812002839216834
5.693052569079574,1.4168370254448588,8.197372565554272,7.8026274344457285
5.6996694204404825,1.4169538977399465,8.206747952217574,7.793252047782426
5.706285726034443,1.4170652997235382,8.216123320752358,7.783876679247642
5.7129015114903625,1.41717122386554,8.225498671138057,7.774501328861943
5.719516802460235,1.4172716627414323,8.234874003354252,7.765125996645748
5.726131624619217,1.4173666090313584,8.244249317380662,7.755750682619338
5.732746003665727,1.4174560555192264,8.253624613197148,7.7463753868028515
5.739359965321537,1.4175399950918144,8.262999890783705,7.737000109216295
5.7459735353318795,1.417618420737884,8.272375150120457,7.727624849879543
5.752586739465556,1.4176913255472992,8.28175039118765,7.71824960881235
5.759199603515056,1.417758702710156,8.291125613965658,7.708874386034342
5.765812153296679,1.417820545515916,8.300500818434973,7.699499181565027
5.772424414650663,1.417876847352548,8.309876004576202,7.690123995423798
5.7790364134413235,1.4179276017056799,8.319251172370063,7.680748827629937
5.78564817555719,1.417972802157751,8.32862632179738,7.67137367820262
5.792259726911161,1.418012442387176,8.338001452839086,7.661998547160914
5.798871093440652,1.4181330486070902,8.347376851525048,7.652623148474952
5.805481897701372,1.4183025636404272,8.3567524118404,7.6432475881596
5.812091911841047,1.418466753493137,8.366127954489023,7.6338720455109765
5.818701160860746,1.4186256094140512,8.375503479448193,7.624496520551807
5.825309669785009,1.4187791227612228,8.384878986695355,7.615121013304645
5.83191746366187,1.4189272850010446,8.394254476208125,7.6057455237918745
5.838524567562894,1.4190700877073692,8.403629947964285,7.596370052035715
5.845131006583215,1.4192075225606409,8.413005401941774,7.586994598058226
5.851736805841583,1.419339581347019,8.422380838118691,7.577619161881309
5.858341990480415,1.4194662559575053,8.431756256473287,7.568243743526713
5.864946585665861,1.4195875383870675,8.441131656983963,7.558868343016037
5.871550616587865,1.4197034207337618,8.450507039629263,7.549492960370737
5.878154108460241,1.4198138951978503,8.459882404387876,7.540117595612124
5.884757086520752,1.4199189540809178,8.469257751238626,7.530742248761374
5.891359576031196,1.4200185897849829,8.47863308016047,7.521366919839529
5.897961602277499,1.4201127948116063,8.4880083911325,7.5119916088675005
5.904563190569818,1.4202015617610002,8.497383684133927,7.502616315866073
5.91116436624264,1.420284883331131,8.506758959144088,7.493241040855912
5.9177651546549,1.4203627523168239,8.516134216142436,7.4838657838575635
5.924365581190099,1.420435161608864,8.525509455108542,7.474490544891458
5.930965671256428,1.420502104193097,8.534884676022084,7.4651153239779156
5.937565450286903,1.4205635731495294,8.54425987886285,7.455740121137151
5.944164943739501,1.4206195616514268,8.553635063610725,7.4463649363892745
5.950764177097306,1.4206700629644105,8.5630102302457,7.4369897697543
5.957363175868659,1.4207150704455542,8.572385378747857,7.427614621252143
5.963961965587318,1.4207545775424781,8.58176050909737,7.41823949090263
5.970560571812621,1.4208808766737941,8.591135925796486,7.408864074203514
5.977158591501609,1.4210491687031894,8.600511480993548,7.399488519006452
5.983755829800235,1.4212121998518517,8.609887018771216,7.390112981228784
5.9903523113115655,1.4213699613172117,8.619262539106511,7.380737460893489
5.9969480606626435,1.421522444400313,8.62863804197661,7.371361958023391
6.00354310250453,1.4216696405048825,8.638013527358844,7.361986472641156
6.010137461512344,1.4218115411363883,8.647388995230697,7.352611004769303
6.016731162385321,1.4219481379010908,8.6567644455698,7.3432355544301995
6.0233242298468666,1.4220794225050872,8.666139878353926,7.333860121646074
6.029916688644621,1.422205386753348,8.675515293560984,7.324484706439016
6.036508563550539,1.4223260225487535,8.684890691169022,7.315109308830978
6.043099879360961,1.4224413218911236,8.69426607115621,7.3057339288437895
6.049690660896705,1.4225512768762518,8.703641433500854,7.296358566499146
6.056280933003161,1.4226558796949351,8.713016778181373,7.286983221818627
6.062870720550386,1.422755122632012,8.722392105176308,7.277607894823692
6.069460048433217,1.4228489980654002,8.731767414464313,7.268232585535687
6.076048941571384,1.422937498465144,8.741142706024153,7.258857293975847
6.0826374249096276,1.4230206163924717,8.750517979834692,7.249482020165308
6.0892255234178325,1.4230983444988545,8.759893235874904,7.2401067641250965
6.095813262091157,1.4231706755250755,8.769268474123853,7.230731525876147
6.102400665950179,1.4232376023003044,8.778643694560703,7.221356305439297
6.108987760041037,1.4232991177411813,8.7880188971647,7.211981102835299
6.1155745694355925,1.423355214850915,8.797394081915186,7.202605918084814
6.122161119231584,1.4234058867183834,8.806769248791575,7.193230751208425
6.128747434552798,1.4234511265172531,8.816144397773364,7.183855602226636
6.135333540549242,1.4234909275051058,8.825519528840127,7.174480471159873
6.141919462397322,1.4236325361333906,8.834894995151807,7.1651050048481935
6.148504729144219,1.4238001718700457,8.844270547114828,7.155729452885172
6.155089220553352,1.4239626130988217,8.853646081911267,7.146353918088733
6.161672960824172,1.4241198509967217,8.863021599518007,7.136978400481993
6.168255974180413,1.4242718768372475,8.872397099912076,7.127602900087924
6.174838284870152,1.4244186819894418,8.881772583070637,7.118227416929363
6.181419917165866,1.4245602579169379,8.891148048970985,7.108851951029015
6.188000895364506,1.4246965961770155,8.900523497590545,7.0994765024094555
6.194581243787571,1.424827688419659,8.90989892890686,7.090101071093139
6.201160986781194,1.4249535263866293,8.919274342897602,7.080725657102398
6.207740148716232,1.4250741019105442,8.92864973954055,7.07135026045945
6.214318753988358,1.4251894069139666,8.938025118813602,7.061974881186398
6.220896827018175,1.4252994334085256,8.94740048069476,7.0525995193052395
6.227474392251313,1.42540417349401,8.956775825162133,7.043224174837867
6.234051474158559,1.4255036193574733,8.966151152193927,7.033848847806073
6.2406280972359705,1.4255977632723618,8.97552646176845,7.02447353823155
6.24720428600501,1.425686597597644,8.984901753864095,7.015098246135905
6.2537800650126805,1.4257701147769501,8.994277028459353,7.0057229715406475
6.2603554588316666,1.42584830733772,9.003652285532793,6.996347714467207
6.266930492060485,1.4259211678903527,9.01302752506307,6.98697247493693
6.273505189323638,1.425988689127367,9.022402747028917,6.9775972529710835
6.280079575271774,1.4260508638225702,9.031777951409138,6.968222048590862
6.286653674581857,1.426107684829565,9.04115313818261,6.95884686181739
6.293227511957343,1.4261591450812678,9.050528307328273,6.949471692671727
6.299801112128358,1.4262052375905667,9.059903458825136,6.940096541174864
6.306374499851879,1.4262459554483986,9.06927859265227,6.930721407347731
6.31294769991193,1.426414299482597,9.078654145931777,6.921345854068223
6.319520124209275,1.4265820465613952,9.088029697184265,6.911970302815735
6.326091775676919,1.426744668170121,9.097405231530532,6.902594768469468
6.332662678101965,1.4269021554644112,9.106780748947354,6.8932192510526455
6.339232855296034,1.427054499688613,9.11615624941163,6.883843750588371
6.345802331095343,1.4272016921748356,9.125531732900367,6.874468267099633
6.352371129360789,1.4273437243418265,9.134907199390693,6.8650928006093075
6.358939273978039,1.427480587692724,9.144282648859834,6.855717351140166
6.365506788857631,1.427612273816894,9.153658081285124,6.8463419187148755
6.372073697935075,1.4277387743882588,9.163033496644,6.836966503356001
6.378640025170964,1.4278600811638236,9.17240889491399,6.827591105086009
6.385205794551083,1.427976185982735,9.181784276072722,6.818215723927278
6.39177103008654,1.428087080765341,9.191159640097906,6.808840359902094
6.398335755813893,1.4281927575122442,9.200534986967336,6.799465013032664
6.4048999957952875,1.4282932083033517,9.209910316658885,6.790089683341115
6.4114637741186025,1.4283884252969175,9.219285629150503,6.780714370849497
6.4180271148976,1.4284784007285838,9.228660924420213,6.771339075579787
6.424590042272084,1.428563126910401,9.238036202446102,6.761963797553898
6.431152580408061,1.4286425962298517,9.247411463206323,6.752588536793677
6.437714753497916,1.428716801148875,9.256786706679085,6.743213293320915
6.444276585760588,1.4287857342028756,9.266161932842653,6.733838067157347
6.450838101441755,1.428849387999725,9.275537141675345,6.724462858324655
6.457399324814026,1.4289091010103414,9.284912337570544,6.715087662429456
6.463960273997827,1.4289640047915748,9.294287517681003,6.705712482318997
6.470520971096259,1.4290136158494302,9.303662680422564,6.696337319577436
6.477081440427006,1.429085474174998,9.313037916134734,6.686962083865266
6.483641579879415,1.4292593328133179,9.32241348640319,6.677586513596809
6.490200921340245,1.429428144989662,9.331789040051545,6.668210959948455
6.496759488157934,1.4295919016286944,9.341164577055974,6.658835422944026
6.5,1.4296709498393494,9.345797314620855,6.654202685379145
