region,family,variable,rms_order,ring_rms_order,linf_order
full,state,state_z4c_chi,-0.5497174664032337,-0.5494531911818649,-0.49302729279750435
full,state,state_z4c_gxx,-0.5579475362720353,-0.5588569715307167,-0.5175216891693998
full,state,state_z4c_gxy,0.3790085855012993,-0.08516803565512931,0.9548548677888757
full,state,state_z4c_gxz,,,
full,state,state_z4c_gyy,-0.5527829774877386,-0.5484355117759069,-0.5105554651608861
full,state,state_z4c_gyz,,,
full,state,state_z4c_gzz,-0.5395365953795235,-0.5392785968495826,-0.4825161686309985
full,state,state_z4c_Khat,1.4945606762959507,1.3965416909638098,2.755566681253848
full,state,state_z4c_Axx,-0.3458568370844044,-0.3922346245748872,1.3075557550981292
full,state,state_z4c_Axy,3.1501047861581797,3.093102848549379,3.035647189805715
full,state,state_z4c_Axz,,,
full,state,state_z4c_Ayy,-0.3152574246735854,-0.332723312791743,1.9553990757387267
full,state,state_z4c_Ayz,,,
full,state,state_z4c_Azz,-0.34520221708642473,-0.3655923081504608,1.9664984661902845
full,state,state_z4c_Gamx,-0.3231689738318236,-0.35463770312360576,0.40150439673489374
full,state,state_z4c_Gamy,-0.3229500382499782,-0.33519276155596844,0.7550843893912395
full,state,state_z4c_Gamz,,,
full,state,state_z4c_Theta,-0.6917422458477464,-0.704358367647687,1.6470729534674098
full,state,state_z4c_alpha,2.7629876874121395,2.6882872297336244,2.765038254577739
full,state,state_z4c_betax,-0.38060952864423203,-0.4017230282342089,0.1832431356917063
full,state,state_z4c_betay,-0.37636781055073526,-0.3820718884542564,0.49285670290730643
full,state,state_z4c_betaz,,,
full,state,state_z4c_Bx,2.120355780406227,2.1256651132114786,2.134563284206175
full,state,state_z4c_By,2.110962948160408,2.1078826831773414,2.143807535506205
full,state,state_z4c_Bz,,,
full,rhs,rhs_z4c_chi,-0.4223876632360451,-0.4211377674265676,-0.2903498254864667
full,rhs,rhs_z4c_gxx,-0.44225098099572635,-0.4434937194638991,-0.35190455077344307
full,rhs,rhs_z4c_gxy,0.8197569974148415,0.2304961254409841,2.415064940731024
full,rhs,rhs_z4c_gxz,,,
full,rhs,rhs_z4c_gyy,-0.43438201555509054,-0.42640840800840557,-0.3446114637045297
full,rhs,rhs_z4c_gyz,,,
full,rhs,rhs_z4c_gzz,-0.40462070034506,-0.40668611398238247,-0.27096353029174997
full,rhs,rhs_z4c_Khat,0.3546363862026196,1.552634236872964,1.7207675330278442
full,rhs,rhs_z4c_Axx,0.0495841765760177,-0.0822493696498733,1.6834516845541034
full,rhs,rhs_z4c_Axy,2.600153857057125,2.8913525628156425,3.0951226540972603
full,rhs,rhs_z4c_Axz,,,
full,rhs,rhs_z4c_Ayy,0.023528704305964293,0.1060665907501115,0.6071055276245747
full,rhs,rhs_z4c_Ayz,,,
full,rhs,rhs_z4c_Azz,0.15286926030543263,0.053596680260840926,1.5189405733449344
full,rhs,rhs_z4c_Gamx,1.4169336441103195,0.2848539003707625,2.650308779604467
full,rhs,rhs_z4c_Gamy,1.1207062770365719,0.6914313890515601,1.6044736670443962
full,rhs,rhs_z4c_Gamz,,,
full,rhs,rhs_z4c_Theta,-0.3413064843501925,-0.282034897000664,0.5767063447118537
full,rhs,rhs_z4c_alpha,2.165222374874215,2.140019273704167,1.8838182046621248
full,rhs,rhs_z4c_betax,0.06086731734621973,-0.1503237451729931,1.516906077050232
full,rhs,rhs_z4c_betay,0.03360955335425836,-0.03327762309166067,2.0238590436478976
full,rhs,rhs_z4c_betaz,,,
full,rhs,rhs_z4c_Bx,2.8018722215429617,2.8545591102136885,2.558178297025175
full,rhs,rhs_z4c_By,2.8294854688956614,2.829690498539806,2.760570315246059
full,rhs,rhs_z4c_Bz,,,
full,constraints,con_C,-1.162988909236813,-1.1622829264000352,-0.9006835673996786
full,constraints,con_H,0.254423706510888,0.22861174754556685,0.3835340598494581
full,constraints,con_M,-0.8253878672755217,-0.9050069470597832,-0.2735549721476316
full,constraints,con_Z,-1.1360817276816089,-1.1372865786291122,-1.0574932484715494
full,constraints,con_Mx,0.8339812471602324,0.3482085119123937,1.5362245141422846
full,constraints,con_My,-0.0754785033721471,-0.18548235658890475,-0.7880232172711127
full,constraints,con_Mz,,,
core_r8,state,state_z4c_chi,4.516562325350226,4.594876828731403,5.090205744323828
core_r8,state,state_z4c_gxx,4.26388710677231,4.369885070263421,4.76990729142225
core_r8,state,state_z4c_gxy,4.215456836006761,4.342873289134731,4.093133767521341
core_r8,state,state_z4c_gxz,,,
core_r8,state,state_z4c_gyy,4.18570381153147,4.260435415361076,3.9388320443115066
core_r8,state,state_z4c_gyz,,,
core_r8,state,state_z4c_gzz,3.92062620092101,4.0438636032184805,3.646062620400177
core_r8,state,state_z4c_Khat,2.8988930769426977,2.9785749147090272,2.755566681253848
core_r8,state,state_z4c_Axx,2.8251944643077755,2.834882760704043,2.4770334259144575
core_r8,state,state_z4c_Axy,3.214987645745286,3.225918368378511,3.035647189805715
core_r8,state,state_z4c_Axz,,,
core_r8,state,state_z4c_Ayy,2.712491498602458,2.7411537538834807,2.386873083423971
core_r8,state,state_z4c_Ayz,,,
core_r8,state,state_z4c_Azz,2.921945403767301,2.9761444308339393,2.5004597871024363
core_r8,state,state_z4c_Gamx,3.5553969079478294,3.7291598029066386,2.8996033461784
core_r8,state,state_z4c_Gamy,3.5145411690079675,3.552924048953093,3.1430702484545776
core_r8,state,state_z4c_Gamz,,,
core_r8,state,state_z4c_Theta,2.674147720168811,2.717073453790432,2.356329985104167
core_r8,state,state_z4c_alpha,2.8611798995685644,2.8948007155074738,2.765038254577739
core_r8,state,state_z4c_betax,4.016574683327267,4.09719494300718,3.011993825775372
core_r8,state,state_z4c_betay,4.019973745519477,4.035194883060184,3.2455430176366113
core_r8,state,state_z4c_betaz,,,
core_r8,state,state_z4c_Bx,2.0933389696035234,2.064446374659419,2.0088248734939067
core_r8,state,state_z4c_By,2.0970572777430734,2.0813315030411883,2.143807535506205
core_r8,state,state_z4c_Bz,,,
core_r8,rhs,rhs_z4c_chi,3.240896575899375,3.4241678609333572,2.9317693380944174
core_r8,rhs,rhs_z4c_gxx,3.271291108923772,3.5220380191642953,3.5106743383725223
core_r8,rhs,rhs_z4c_gxy,3.2339705072692477,3.2744386160619334,2.8840121414050177
core_r8,rhs,rhs_z4c_gxz,,,
core_r8,rhs,rhs_z4c_gyy,3.0421321746749994,3.3963793299493386,1.4641905799772361
core_r8,rhs,rhs_z4c_gyz,,,
core_r8,rhs,rhs_z4c_gzz,3.1764801250958627,3.2887468430921194,3.217564612983395
core_r8,rhs,rhs_z4c_Khat,0.27537997240637135,2.340199558204392,1.7207675330278442
core_r8,rhs,rhs_z4c_Axx,1.0503907309214568,2.070743365058392,1.6834516845541034
core_r8,rhs,rhs_z4c_Axy,2.6285448161657197,3.0393835321353526,3.0951226540972603
core_r8,rhs,rhs_z4c_Axz,,,
core_r8,rhs,rhs_z4c_Ayy,0.5395741015865901,2.099301436982897,0.6071055276245747
core_r8,rhs,rhs_z4c_Ayz,,,
core_r8,rhs,rhs_z4c_Azz,0.8999791421523768,2.470173335512671,1.5189405733449344
core_r8,rhs,rhs_z4c_Gamx,2.9075474654088134,2.8963441730687705,2.650308779604467
core_r8,rhs,rhs_z4c_Gamy,2.3930588030110176,2.8842177862834157,1.6044736670443962
core_r8,rhs,rhs_z4c_Gamz,,,
core_r8,rhs,rhs_z4c_Theta,-0.3494644651776591,1.8684381088097797,0.5767063447118537
core_r8,rhs,rhs_z4c_alpha,2.165693750767279,2.15689089476672,1.8838182046621248
core_r8,rhs,rhs_z4c_betax,3.2168554264112124,3.1392799628635544,2.8818296604508555
core_r8,rhs,rhs_z4c_betay,3.069538924702615,3.0363061534235967,3.137144591044079
core_r8,rhs,rhs_z4c_betaz,,,
core_r8,rhs,rhs_z4c_Bx,2.7094200720204125,2.7811290648016613,2.558178297025175
core_r8,rhs,rhs_z4c_By,2.821245508543387,2.8309518977750048,2.760570315246059
core_r8,rhs,rhs_z4c_Bz,,,
core_r8,constraints,con_C,-0.5670812167801649,4.451427049452773,0.2762759883389054
core_r8,constraints,con_H,0.44508732204866036,3.3506886701687,-0.6718706276298545
core_r8,constraints,con_M,-0.31753714815034795,2.989810569939587,-0.2735549721476316
core_r8,constraints,con_Z,5.6099693096880845,5.593408916142299,5.199499934819039
core_r8,constraints,con_Mx,2.041251157843495,2.8885981885480043,1.5362245141422846
core_r8,constraints,con_My,0.3879514365174185,2.994012319227068,-0.7880232172711127
core_r8,constraints,con_Mz,,,
core_r12,state,state_z4c_chi,4.309263996518974,4.253160692898139,4.635309565448694
core_r12,state,state_z4c_gxx,4.116498714703748,4.074492122543867,4.587314025490788
core_r12,state,state_z4c_gxy,4.0782637491975535,4.078631639071482,4.093133767521341
core_r12,state,state_z4c_gxz,,,
core_r12,state,state_z4c_gyy,4.108296321478241,4.144949942616614,3.9388320443115066
core_r12,state,state_z4c_gyz,,,
core_r12,state,state_z4c_gzz,3.90105714213395,3.9915757559736433,3.646062620400177
core_r12,state,state_z4c_Khat,2.803992586973419,2.828723018824271,2.755566681253848
core_r12,state,state_z4c_Axx,2.828354507075346,2.8394194712838527,2.4770334259144575
core_r12,state,state_z4c_Axy,3.192521945934027,3.189255387083493,3.035647189805715
core_r12,state,state_z4c_Axz,,,
core_r12,state,state_z4c_Ayy,2.712706787577439,2.7413133222803308,2.386873083423971
core_r12,state,state_z4c_Ayz,,,
core_r12,state,state_z4c_Azz,2.924996810300132,2.9769651336066603,2.5004597871024363
core_r12,state,state_z4c_Gamx,3.3296290201785874,3.16996654364589,2.8996033461784
core_r12,state,state_z4c_Gamy,3.3991347138190924,3.454553997545897,3.1430702484545776
core_r12,state,state_z4c_Gamz,,,
core_r12,state,state_z4c_Theta,2.6338717542737697,2.660398225176608,2.356329985104167
core_r12,state,state_z4c_alpha,2.840040454814587,2.856207454136558,2.765038254577739
core_r12,state,state_z4c_betax,3.8527625742743417,3.753185085968145,3.011993825775372
core_r12,state,state_z4c_betay,3.9350219560181876,3.969051284708977,3.2455430176366113
core_r12,state,state_z4c_betaz,,,
core_r12,state,state_z4c_Bx,2.1082047468578122,2.102581688580725,2.134563284206175
core_r12,state,state_z4c_By,2.104233982489115,2.0989164562195866,2.143807535506205
core_r12,state,state_z4c_Bz,,,
core_r12,rhs,rhs_z4c_chi,3.0503258199624494,2.9842938944828123,2.9317693380944174
core_r12,rhs,rhs_z4c_gxx,3.1015003323148282,3.0426274519689214,3.5106743383725223
core_r12,rhs,rhs_z4c_gxy,3.1327252101245233,3.0725331334998924,2.8840121414050177
core_r12,rhs,rhs_z4c_gxz,,,
core_r12,rhs,rhs_z4c_gyy,2.9693550065715812,3.210463012307166,1.4641905799772361
core_r12,rhs,rhs_z4c_gyz,,,
core_r12,rhs,rhs_z4c_gzz,3.1256291710100723,3.164516086029083,3.217564612983395
core_r12,rhs,rhs_z4c_Khat,0.36441508490612623,2.354165499059952,1.7207675330278442
core_r12,rhs,rhs_z4c_Axx,1.0874834229920969,2.112493427030541,1.6834516845541034
core_r12,rhs,rhs_z4c_Axy,2.608299741884005,2.9198107370440805,3.0951226540972603
core_r12,rhs,rhs_z4c_Axz,,,
core_r12,rhs,rhs_z4c_Ayy,0.550862764795875,2.109207047310069,0.6071055276245747
core_r12,rhs,rhs_z4c_Ayz,,,
core_r12,rhs,rhs_z4c_Azz,0.944806608572352,2.4920865441085085,1.5189405733449344
core_r12,rhs,rhs_z4c_Gamx,2.889559237031545,2.765146800540166,2.650308779604467
core_r12,rhs,rhs_z4c_Gamy,2.4412084459197665,2.8965997978562443,1.6044736670443962
core_r12,rhs,rhs_z4c_Gamz,,,
core_r12,rhs,rhs_z4c_Theta,-0.33379113900444596,1.881971164227518,0.5767063447118537
core_r12,rhs,rhs_z4c_alpha,2.1946762120436607,2.212110126163402,1.8838182046621248
core_r12,rhs,rhs_z4c_betax,3.0565426550888657,2.772051129342406,2.8818296604508555
core_r12,rhs,rhs_z4c_betay,2.9951901886442394,3.0031037470418838,3.137144591044079
core_r12,rhs,rhs_z4c_betaz,,,
core_r12,rhs,rhs_z4c_Bx,2.7721584525851046,2.8143631577932657,2.558178297025175
core_r12,rhs,rhs_z4c_By,2.818821246320244,2.818517164031234,2.760570315246059
core_r12,rhs,rhs_z4c_Bz,,,
core_r12,constraints,con_C,-0.5669930532092029,4.45135609576836,0.2762759883389054
core_r12,constraints,con_H,0.44627050460895407,3.3522419063111757,-0.6718706276298545
core_r12,constraints,con_M,-0.3162144963308516,2.9916906144779567,-0.2735549721476316
core_r12,constraints,con_Z,5.610016343077377,5.593494581124235,5.199499934819039
core_r12,constraints,con_Mx,2.0427279651375017,2.891087903874116,1.5362245141422846
core_r12,constraints,con_My,0.3913266226552505,2.9984635406939546,-0.7880232172711127
core_r12,constraints,con_Mz,,,
core_r8_mb_interior,state,state_z4c_chi,4.4409890572522395,4.549037435830766,4.989925664899599
core_r8_mb_interior,state,state_z4c_gxx,4.10895723029699,4.183453164717352,4.319574716850552
core_r8_mb_interior,state,state_z4c_gxy,4.1815458899653155,4.358865174595057,4.081869087052954
core_r8_mb_interior,state,state_z4c_gxz,,,
core_r8_mb_interior,state,state_z4c_gyy,4.333614514354781,4.437431597950598,4.145475447621406
core_r8_mb_interior,state,state_z4c_gyz,,,
core_r8_mb_interior,state,state_z4c_gzz,3.942320433562495,4.064198125402595,3.4957617005009887
core_r8_mb_interior,state,state_z4c_Khat,3.1139571320197925,3.2546628208609736,2.893706367264742
core_r8_mb_interior,state,state_z4c_Axx,3.2779539783504283,3.473886305009686,3.688782667839657
core_r8_mb_interior,state,state_z4c_Axy,3.1610836663114896,3.2836904818781774,3.1638241413867494
core_r8_mb_interior,state,state_z4c_Axz,,,
core_r8_mb_interior,state,state_z4c_Ayy,3.568755900093415,3.654096428175325,3.9153115272226353
core_r8_mb_interior,state,state_z4c_Ayz,,,
core_r8_mb_interior,state,state_z4c_Azz,3.4187243498454545,3.6414530974549764,3.5049867308802454
core_r8_mb_interior,state,state_z4c_Gamx,3.530297356141328,3.773277270160678,3.1084032649451347
core_r8_mb_interior,state,state_z4c_Gamy,3.6628410781457936,3.7038890484059883,3.103259782177986
core_r8_mb_interior,state,state_z4c_Gamz,,,
core_r8_mb_interior,state,state_z4c_Theta,3.914607998098207,3.9414505148430834,4.042516359008603
core_r8_mb_interior,state,state_z4c_alpha,2.7844535619031046,2.8258293790421454,2.7216369260764313
core_r8_mb_interior,state,state_z4c_betax,4.1175143717027005,4.399947664408566,4.08730422075245
core_r8_mb_interior,state,state_z4c_betay,4.336868332455554,4.40571649548,4.181649691014233
core_r8_mb_interior,state,state_z4c_betaz,,,
core_r8_mb_interior,state,state_z4c_Bx,2.0739262744912876,2.051710858603606,2.0748160763617403
core_r8_mb_interior,state,state_z4c_By,2.085589837503002,2.055653885298131,2.144053285175784
core_r8_mb_interior,state,state_z4c_Bz,,,
core_r8_mb_interior,rhs,rhs_z4c_chi,3.3408923737672938,3.468008439528819,3.9502990287564335
core_r8_mb_interior,rhs,rhs_z4c_gxx,3.1911776448560594,3.308621442213217,3.7582090626843034
core_r8_mb_interior,rhs,rhs_z4c_gxy,3.171389629544214,3.2393978835298354,3.6311265337148257
core_r8_mb_interior,rhs,rhs_z4c_gxz,,,
core_r8_mb_interior,rhs,rhs_z4c_gyy,3.5021377535499734,3.6719625972342915,3.9315130751909306
core_r8_mb_interior,rhs,rhs_z4c_gyz,,,
core_r8_mb_interior,rhs,rhs_z4c_gzz,3.0778718891937813,3.182761166503982,3.55396542520202
core_r8_mb_interior,rhs,rhs_z4c_Khat,2.4035055388933904,2.4394142703225414,2.331668047703716
core_r8_mb_interior,rhs,rhs_z4c_Axx,2.586415336732655,2.8451092289627598,2.334288145181655
core_r8_mb_interior,rhs,rhs_z4c_Axy,2.406970285291104,2.447925752504145,2.3976997799688493
core_r8_mb_interior,rhs,rhs_z4c_Axz,,,
core_r8_mb_interior,rhs,rhs_z4c_Ayy,2.865631779329854,2.9956664512791957,2.5707685062603787
core_r8_mb_interior,rhs,rhs_z4c_Ayz,,,
core_r8_mb_interior,rhs,rhs_z4c_Azz,2.8819689910659623,3.0746087281710626,2.957010863390518
core_r8_mb_interior,rhs,rhs_z4c_Gamx,2.851361912814103,2.820161827040062,2.7151523226778664
core_r8_mb_interior,rhs,rhs_z4c_Gamy,2.9857203306959246,2.9453332920537276,2.5101991167076587
core_r8_mb_interior,rhs,rhs_z4c_Gamz,,,
core_r8_mb_interior,rhs,rhs_z4c_Theta,2.871709180093698,3.4452171630187425,2.2814332278395475
core_r8_mb_interior,rhs,rhs_z4c_alpha,2.22199338695712,2.187607311612312,2.5190390167743746
core_r8_mb_interior,rhs,rhs_z4c_betax,3.0703514086461867,3.0551737313765672,3.1385241911806174
core_r8_mb_interior,rhs,rhs_z4c_betay,3.057004975801771,3.030780118483012,2.98768700506125
core_r8_mb_interior,rhs,rhs_z4c_betaz,,,
core_r8_mb_interior,rhs,rhs_z4c_Bx,2.6558981633969587,2.741545589619228,2.555232814939188
core_r8_mb_interior,rhs,rhs_z4c_By,2.8200939412150587,2.8212141404842486,2.7658600204856185
core_r8_mb_interior,rhs,rhs_z4c_Bz,,,
core_r8_mb_interior,constraints,con_C,4.461019781099882,5.138539023754781,3.907174955670637
core_r8_mb_interior,constraints,con_H,2.8246507514027,3.3950983243171713,2.2205024326105147
core_r8_mb_interior,constraints,con_M,4.426404616606793,4.944219219455266,3.760009289324545
core_r8_mb_interior,constraints,con_Z,7.124580033868987,7.268116534552129,7.052048561059509
core_r8_mb_interior,constraints,con_Mx,1.9981339376922838,2.8009955541874834,1.4741459774466519
core_r8_mb_interior,constraints,con_My,3.5518731582457783,3.7154642310394457,3.6972282813497497
core_r8_mb_interior,constraints,con_Mz,,,
core_r12_mb_interior,state,state_z4c_chi,4.294002982898455,4.2781379916439946,4.989925664899599
core_r12_mb_interior,state,state_z4c_gxx,3.973754805495632,3.939995833057779,3.9901919277689224
core_r12_mb_interior,state,state_z4c_gxy,4.107347649188915,4.1864273980982585,4.081869087052954
core_r12_mb_interior,state,state_z4c_gxz,,,
core_r12_mb_interior,state,state_z4c_gyy,4.295553900464296,4.366897133150547,4.145475447621406
core_r12_mb_interior,state,state_z4c_gyz,,,
core_r12_mb_interior,state,state_z4c_gzz,3.910243406219576,3.999617008629194,3.4957617005009887
core_r12_mb_interior,state,state_z4c_Khat,2.8934425048269414,2.8742407677327226,2.893706367264742
core_r12_mb_interior,state,state_z4c_Axx,3.1262025135522435,3.105608862235388,3.688782667839657
core_r12_mb_interior,state,state_z4c_Axy,3.0830318673880805,3.096828206187798,3.1638241413867494
core_r12_mb_interior,state,state_z4c_Axz,,,
core_r12_mb_interior,state,state_z4c_Ayy,3.5141821534590036,3.5523786558729293,3.9153115272226353
core_r12_mb_interior,state,state_z4c_Ayz,,,
core_r12_mb_interior,state,state_z4c_Azz,3.339299200405419,3.4475751631297333,3.5049867308802454
core_r12_mb_interior,state,state_z4c_Gamx,3.440697849898772,3.456911175456491,3.142357160733569
core_r12_mb_interior,state,state_z4c_Gamy,3.6152340995117145,3.6298065579560777,3.103259782177986
core_r12_mb_interior,state,state_z4c_Gamz,,,
core_r12_mb_interior,state,state_z4c_Theta,2.4005978963661763,2.312502857147326,3.5224423088777734
core_r12_mb_interior,state,state_z4c_alpha,2.7791535660542754,2.8147134823200006,2.7216369260764313
core_r12_mb_interior,state,state_z4c_betax,4.027673081508467,4.091665534603554,4.08730422075245
core_r12_mb_interior,state,state_z4c_betay,4.291012986394942,4.327566311212938,4.181649691014233
core_r12_mb_interior,state,state_z4c_betaz,,,
core_r12_mb_interior,state,state_z4c_Bx,2.1050342176675176,2.104557653220369,2.1344929638999024
core_r12_mb_interior,state,state_z4c_By,2.095215783693107,2.082466505958698,2.144053285175784
core_r12_mb_interior,state,state_z4c_Bz,,,
core_r12_mb_interior,rhs,rhs_z4c_chi,3.188807125189924,3.1588524667863043,3.511154673046215
core_r12_mb_interior,rhs,rhs_z4c_gxx,3.074404005556655,3.054203008909425,3.5995871305708476
core_r12_mb_interior,rhs,rhs_z4c_gxy,3.0957719142746605,3.061019908330593,3.6311265337148257
core_r12_mb_interior,rhs,rhs_z4c_gxz,,,
core_r12_mb_interior,rhs,rhs_z4c_gyy,3.4186409843957675,3.490631117573261,3.9315130751909306
core_r12_mb_interior,rhs,rhs_z4c_gyz,,,
core_r12_mb_interior,rhs,rhs_z4c_gzz,3.0555208987495,3.118362079735085,3.55396542520202
core_r12_mb_interior,rhs,rhs_z4c_Khat,2.4013733847523593,2.431767918776615,2.331668047703716
core_r12_mb_interior,rhs,rhs_z4c_Axx,2.595065286697991,2.7092681491184583,2.443589252274521
core_r12_mb_interior,rhs,rhs_z4c_Axy,2.3990357003063822,2.413651652815514,2.4865752885460317
core_r12_mb_interior,rhs,rhs_z4c_Axz,,,
core_r12_mb_interior,rhs,rhs_z4c_Ayy,2.83963966868202,2.926192150064833,2.5707685062603787
core_r12_mb_interior,rhs,rhs_z4c_Ayz,,,
core_r12_mb_interior,rhs,rhs_z4c_Azz,2.8429878684652037,2.94508041643991,2.957010863390518
core_r12_mb_interior,rhs,rhs_z4c_Gamx,2.8530847247549307,2.848505567609992,2.7151523226778664
core_r12_mb_interior,rhs,rhs_z4c_Gamy,2.941373906869344,2.911619321991988,2.5101991167076587
core_r12_mb_interior,rhs,rhs_z4c_Gamz,,,
core_r12_mb_interior,rhs,rhs_z4c_Theta,2.6436898638014865,2.891194732398968,2.2814332278395475
core_r12_mb_interior,rhs,rhs_z4c_alpha,2.2291891456814064,2.205357855071581,2.5190390167743746
core_r12_mb_interior,rhs,rhs_z4c_betax,3.022401387164207,2.9702306009707145,3.1385241911806174
core_r12_mb_interior,rhs,rhs_z4c_betay,3.0527456250998486,3.0373020697201207,2.98768700506125
core_r12_mb_interior,rhs,rhs_z4c_betaz,,,
core_r12_mb_interior,rhs,rhs_z4c_Bx,2.734637614050258,2.7873885458764995,2.555232814939188
core_r12_mb_interior,rhs,rhs_z4c_By,2.818849382411813,2.814362611874948,2.7658600204856185
core_r12_mb_interior,rhs,rhs_z4c_Bz,,,
core_r12_mb_interior,constraints,con_C,4.4609225334262685,5.13802219206628,3.907174955670637
core_r12_mb_interior,constraints,con_H,2.825078927589188,3.3953583636931666,2.2205024326105147
core_r12_mb_interior,constraints,con_M,4.426412619411333,4.944135105811349,3.760009289324545
core_r12_mb_interior,constraints,con_Z,7.1215285952215455,7.260388942056405,7.052048561059509
core_r12_mb_interior,constraints,con_Mx,1.9986180823772712,2.8017143547720758,1.4741459774466519
core_r12_mb_interior,constraints,con_My,3.5526450320648615,3.7159721693216663,3.6972282813497497
core_r12_mb_interior,constraints,con_Mz,,,
axis,state,state_z4c_chi,-0.5456514620640084,,-0.49399318569320133
axis,state,state_z4c_gxx,-0.539515449659458,,-0.4872097758839597
axis,state,state_z4c_gxy,,,
axis,state,state_z4c_gxz,,,
axis,state,state_z4c_gyy,-0.5561057482528411,,-0.5105554651608861
axis,state,state_z4c_gyz,,,
axis,state,state_z4c_gzz,-0.539515449659458,,-0.4872097758839597
axis,state,state_z4c_Khat,1.26607438321748,,1.6708396106970331
axis,state,state_z4c_Axx,-0.38791509446582795,,-0.1890929471876725
axis,state,state_z4c_Axy,,,
axis,state,state_z4c_Axz,,,
axis,state,state_z4c_Ayy,-0.4190813937729398,,-0.24781164517151463
axis,state,state_z4c_Ayz,,,
axis,state,state_z4c_Azz,-0.38791509446582795,,-0.1890929471876725
axis,state,state_z4c_Gamx,,,
axis,state,state_z4c_Gamy,-0.2623232705432767,,-0.24638791151810885
axis,state,state_z4c_Gamz,,,
axis,state,state_z4c_Theta,-0.718435564364196,,-0.3627777558340946
axis,state,state_z4c_alpha,1.498066772069515,,0.3966831869745878
axis,state,state_z4c_betax,,,
axis,state,state_z4c_betay,-0.4144080070423485,,-0.2946523667775624
axis,state,state_z4c_betaz,,,
axis,state,state_z4c_Bx,,,
axis,state,state_z4c_By,2.125160035245562,,2.118878331556077
axis,state,state_z4c_Bz,,,
axis,rhs,rhs_z4c_chi,-0.3804193859052696,,-0.3011691464075966
axis,rhs,rhs_z4c_gxx,-0.4005788569258699,,-0.2916134830804282
axis,rhs,rhs_z4c_gxy,,,
axis,rhs,rhs_z4c_gxz,,,
axis,rhs,rhs_z4c_gyy,-0.4300122709313725,,-0.3446114637045297
axis,rhs,rhs_z4c_gyz,,,
axis,rhs,rhs_z4c_gzz,-0.4005788569258699,,-0.2916134830804282
axis,rhs,rhs_z4c_Khat,-3.397494745004172,,-3.654290801392441
axis,rhs,rhs_z4c_Axx,-1.8090749950800225,,-2.6545159644893532
axis,rhs,rhs_z4c_Axy,,,
axis,rhs,rhs_z4c_Axz,,,
axis,rhs,rhs_z4c_Ayy,-1.845957673277804,,-2.7008881506007754
axis,rhs,rhs_z4c_Ayz,,,
axis,rhs,rhs_z4c_Azz,-1.8090749950800225,,-2.6545159644893532
axis,rhs,rhs_z4c_Gamx,,,
axis,rhs,rhs_z4c_Gamy,1.8992920168158811,,1.6044736670443962
axis,rhs,rhs_z4c_Gamz,,,
axis,rhs,rhs_z4c_Theta,-1.7452951792406504,,-2.0001285658350003
axis,rhs,rhs_z4c_alpha,-0.11339258335090234,,-0.5051486179457352
axis,rhs,rhs_z4c_betax,,,
axis,rhs,rhs_z4c_betay,0.8932174847279477,,1.7332181002715257
axis,rhs,rhs_z4c_betaz,,,
axis,rhs,rhs_z4c_Bx,,,
axis,rhs,rhs_z4c_By,2.7838291323235973,,2.1950758588957564
axis,rhs,rhs_z4c_Bz,,,
axis,constraints,con_C,-1.3225309159742067,,-1.013472268404784
axis,constraints,con_H,-0.287092836502089,,-0.6718706276298545
axis,constraints,con_M,-3.1355854623277164,,-2.301218233873651
axis,constraints,con_Z,-1.1099938883045126,,-1.0237805255113608
axis,constraints,con_Mx,-0.9387298729322054,,-1.213106675762544
axis,constraints,con_My,-1.7613023471878526,,-1.224866530155727
axis,constraints,con_Mz,,,
same_level,state,state_z4c_chi,-0.5596051003260746,-0.5598619642691821,-0.5044823932909286
same_level,state,state_z4c_gxx,-0.5666130353210239,-0.5679976534107828,-0.5263181617388824
same_level,state,state_z4c_gxy,0.639392225817388,0.1699915922899579,0.701232506524174
same_level,state,state_z4c_gxz,,,
same_level,state,state_z4c_gyy,-0.5602982578284915,-0.5581663686204625,-0.5207164690943378
same_level,state,state_z4c_gyz,,,
same_level,state,state_z4c_gzz,-0.546242984864366,-0.5484438113164934,-0.49384923831090966
same_level,state,state_z4c_Khat,2.1540508063936064,1.8629009286459417,2.755566681253848
same_level,state,state_z4c_Axx,0.2155999982970341,-0.12094843682727109,1.3690353501825192
same_level,state,state_z4c_Axy,2.9360187381710894,2.82317137114605,2.8788527469866003
same_level,state,state_z4c_Axz,,,
same_level,state,state_z4c_Ayy,0.6090570956848534,0.3488786197908795,2.2668829247125877
same_level,state,state_z4c_Ayz,,,
same_level,state,state_z4c_Azz,0.14841630306099143,-0.11083419688369035,2.114375726677134
same_level,state,state_z4c_Gamx,-0.22803518672671455,-0.3149070031787024,0.40150439673489374
same_level,state,state_z4c_Gamy,-0.22986501302115203,-0.2662641462511138,-0.2571255589818665
same_level,state,state_z4c_Gamz,,,
same_level,state,state_z4c_Theta,-0.19777181931782398,-0.46866741891300595,1.6470729534674098
same_level,state,state_z4c_alpha,2.895523438966834,2.8269165566314944,2.765038254577739
same_level,state,state_z4c_betax,-0.28678172639335653,-0.36325392111204885,0.1832431356917063
same_level,state,state_z4c_betay,-0.32686098757699167,-0.35439112724940774,-0.3027361767656027
same_level,state,state_z4c_betaz,,,
same_level,state,state_z4c_Bx,2.1149248686981608,2.1108126323927254,2.134563284206175
same_level,state,state_z4c_By,2.118845609284857,2.120813128644093,2.1386539425538102
same_level,state,state_z4c_Bz,,,
same_level,rhs,rhs_z4c_chi,-0.43573054957114354,-0.4350557507842135,-0.31024528304140836
same_level,rhs,rhs_z4c_gxx,-0.4519497727603999,-0.4555885871097857,-0.3667927106420829
same_level,rhs,rhs_z4c_gxy,0.9792189491655365,0.5253959156590189,1.3082923657036423
same_level,rhs,rhs_z4c_gxz,,,
same_level,rhs,rhs_z4c_gyy,-0.43753770740605774,-0.43664968824909256,-0.36261482296476194
same_level,rhs,rhs_z4c_gyz,,,
same_level,rhs,rhs_z4c_gzz,-0.389373916911029,-0.4117415565519003,-0.2922195007681518
same_level,rhs,rhs_z4c_Khat,2.197313082742313,2.257114552076216,2.3551435923610384
same_level,rhs,rhs_z4c_Axx,1.0520567445012816,0.6577496723355589,1.498280267835079
same_level,rhs,rhs_z4c_Axy,2.5129100406187943,2.4519171915533913,2.5451763495188797
same_level,rhs,rhs_z4c_Axz,,,
same_level,rhs,rhs_z4c_Ayy,1.4492917441835194,1.261903120546305,1.8669650486291998
same_level,rhs,rhs_z4c_Ayz,,,
same_level,rhs,rhs_z4c_Azz,1.318373572765566,0.9697625466847903,2.0112058521535174
same_level,rhs,rhs_z4c_Gamx,1.3122939803213476,0.3462304442929166,3.0954338532274934
same_level,rhs,rhs_z4c_Gamy,1.0527918298439503,0.861110397925476,1.9656113160761186
same_level,rhs,rhs_z4c_Gamz,,,
same_level,rhs,rhs_z4c_Theta,0.5244300521946897,0.1977571224206308,1.482598914766247
same_level,rhs,rhs_z4c_alpha,2.1529485022205104,2.151179609268322,2.5473280239629026
same_level,rhs,rhs_z4c_betax,0.20490776237689926,-0.051146259114727304,1.516906077050232
same_level,rhs,rhs_z4c_betay,0.3159128434394199,0.2305264671232277,0.01905449911105479
same_level,rhs,rhs_z4c_betaz,,,
same_level,rhs,rhs_z4c_Bx,2.8544372193759595,2.876798675972565,2.558178297025175
same_level,rhs,rhs_z4c_By,2.8299163339296762,2.830518066154821,2.7431708384627678
same_level,rhs,rhs_z4c_Bz,,,
same_level,constraints,con_C,-1.121114170232253,-1.1731212951170331,-1.1420704156429877
same_level,constraints,con_H,1.6540505857919359,0.8766241016339387,2.263522325152003
same_level,constraints,con_M,0.7655903502434935,0.09067799820573974,2.031963645466217
same_level,constraints,con_Z,-1.1610895007758362,-1.1608883530981409,-1.0834600697548957
same_level,constraints,con_Mx,2.0424952910261562,1.5450410991339438,2.217216039764156
same_level,constraints,con_My,0.5823555816256449,-0.0030552713766831335,1.3968210543651687
same_level,constraints,con_Mz,,,
physical_boundary,state,state_z4c_chi,-0.49801526488350856,-0.4983352737994019,-0.49302729279750435
physical_boundary,state,state_z4c_gxx,-0.5129522201229475,-0.5153114051495369,-0.5175216891693998
physical_boundary,state,state_z4c_gxy,-0.5738270624558861,-0.5728837973393476,-0.3033517268370361
physical_boundary,state,state_z4c_gxz,,,
physical_boundary,state,state_z4c_gyy,-0.5058181278440976,-0.4996515016635141,-0.5105564214033441
physical_boundary,state,state_z4c_gyz,,,
physical_boundary,state,state_z4c_gzz,-0.4900044514112034,-0.4896458619729248,-0.4825161686309985
physical_boundary,state,state_z4c_Khat,0.6041591920501804,0.7087694583266736,1.1134881677450872
physical_boundary,state,state_z4c_Axx,-0.3352456017251993,-0.33956962101267635,-0.33848214371202145
physical_boundary,state,state_z4c_Axy,-0.09932710674908012,-0.10225900223143379,-0.059476744975462716
physical_boundary,state,state_z4c_Axz,,,
physical_boundary,state,state_z4c_Ayy,-0.3238696329447964,-0.3082021113223742,-0.3339123066164535
physical_boundary,state,state_z4c_Ayz,,,
physical_boundary,state,state_z4c_Azz,-0.2855708783463337,-0.2834244669679165,-0.26017224579732
physical_boundary,state,state_z4c_Gamx,-0.4013753660348307,-0.4011134049111784,-0.38236122293460345
physical_boundary,state,state_z4c_Gamy,-0.4296476109795773,-0.4431106403827618,-0.41139779210978533
physical_boundary,state,state_z4c_Gamz,,,
physical_boundary,state,state_z4c_Theta,-0.3372005075417273,-0.33890923164573133,-0.3295738328861805
physical_boundary,state,state_z4c_alpha,-2.4088062170994227,-2.479280215985999,-2.2822837885085003
physical_boundary,state,state_z4c_betax,-0.4715773393411381,-0.4715120213024193,-0.4597854836503651
physical_boundary,state,state_z4c_betay,-0.49311275977019864,-0.5008090497008888,-0.4803049535788082
physical_boundary,state,state_z4c_betaz,,,
physical_boundary,state,state_z4c_Bx,2.4719538762630107,2.4971258999424624,2.7100304580219374
physical_boundary,state,state_z4c_By,2.4205517728548744,2.2764082233931813,2.65792609933808
physical_boundary,state,state_z4c_Bz,,,
physical_boundary,rhs,rhs_z4c_chi,-0.3096719735548965,-0.309515177685019,-0.2903498254864667
physical_boundary,rhs,rhs_z4c_gxx,-0.3470163814641472,-0.3515508404386761,-0.35190455077344307
physical_boundary,rhs,rhs_z4c_gxy,-0.4475047664981378,-0.4483696550157916,-0.2024095213388612
physical_boundary,rhs,rhs_z4c_gxz,,,
physical_boundary,rhs,rhs_z4c_gyy,-0.335050820660886,-0.32062445041355814,-0.34461884459366826
physical_boundary,rhs,rhs_z4c_gyz,,,
physical_boundary,rhs,rhs_z4c_gzz,-0.29638670021532026,-0.2942661417661586,-0.27096353029174997
physical_boundary,rhs,rhs_z4c_Khat,-1.7053305420749678,-1.7118515793724507,-1.7983375701985245
physical_boundary,rhs,rhs_z4c_Axx,0.32746797264426364,0.34501537024098794,0.465964659704045
physical_boundary,rhs,rhs_z4c_Axy,-0.3279434919016765,-0.3368200260651971,-0.39353699053223457
physical_boundary,rhs,rhs_z4c_Axz,,,
physical_boundary,rhs,rhs_z4c_Ayy,0.2604693374225656,0.21424772236399164,0.36226915623265843
physical_boundary,rhs,rhs_z4c_Ayz,,,
physical_boundary,rhs,rhs_z4c_Azz,0.19960544371467948,0.2010722445030916,0.23322903414480042
physical_boundary,rhs,rhs_z4c_Gamx,0.11956659600581847,0.1244178507975082,0.2524135265327747
physical_boundary,rhs,rhs_z4c_Gamy,0.0010170794716631124,-0.0910004501493654,0.10516192616130346
physical_boundary,rhs,rhs_z4c_Gamz,,,
physical_boundary,rhs,rhs_z4c_Theta,0.20876610944033103,0.20493457223339234,0.2676694432402292
physical_boundary,rhs,rhs_z4c_alpha,-1.428203460765342,-1.4757218436377348,-1.2871056555990203
physical_boundary,rhs,rhs_z4c_betax,-0.04060833685423317,-0.03790429928088164,0.040386502619510906
physical_boundary,rhs,rhs_z4c_betay,-0.12170657243839922,-0.18515151872092175,-0.05296644987427991
physical_boundary,rhs,rhs_z4c_betaz,,,
physical_boundary,rhs,rhs_z4c_Bx,3.2936487402947883,3.332300361058244,3.69797574643561
physical_boundary,rhs,rhs_z4c_By,3.1789429829334304,2.9901729363191776,3.509682791471838
physical_boundary,rhs,rhs_z4c_Bz,,,
physical_boundary,constraints,con_C,-1.037185960909331,-1.0395953732057708,-0.9006835673996786
physical_boundary,constraints,con_H,0.29742292713621454,0.3069670818449157,0.3835340598494581
physical_boundary,constraints,con_M,-0.9691355704612864,-0.968243517567773,-0.8572445148669493
physical_boundary,constraints,con_Z,-1.0574642775427405,-1.061198045780825,-1.0574932484715494
physical_boundary,constraints,con_Mx,-0.28289010120634966,-0.27354332204928333,0.161811275202872
physical_boundary,constraints,con_My,-0.31732375639036375,-0.3149841506438911,-0.3089229569347555
physical_boundary,constraints,con_Mz,,,
independent_interior,state,state_z4c_chi,-0.5608302809180692,-0.560705096538422,-0.5044880349380559
independent_interior,state,state_z4c_gxx,-0.5677312536287366,-0.5686300813120806,-0.5263169152614576
independent_interior,state,state_z4c_gxy,0.38123357932452223,-0.0853531280130224,0.9548548677888757
independent_interior,state,state_z4c_gxz,,,
independent_interior,state,state_z4c_gyy,-0.5628019526285557,-0.5589603620979858,-0.5198479780619696
independent_interior,state,state_z4c_gyz,,,
independent_interior,state,state_z4c_gzz,-0.5501558232054512,-0.5502340754283913,-0.4938564307972793
independent_interior,state,state_z4c_Khat,1.4486214174875047,1.3709459304029703,1.799588756387551
independent_interior,state,state_z4c_Axx,-0.3749885467627873,-0.41175576565121685,1.4568704567072928
independent_interior,state,state_z4c_Axy,3.155566191523904,3.1051631157582245,3.035647189805715
independent_interior,state,state_z4c_Axz,,,
independent_interior,state,state_z4c_Ayy,-0.3649946937099033,-0.37451476560240654,1.6877109068424854
independent_interior,state,state_z4c_Ayz,,,
independent_interior,state,state_z4c_Azz,-0.37486686598226954,-0.388418324313056,0.14452200813358929
independent_interior,state,state_z4c_Gamx,-0.3223668757922704,-0.3532570776963688,-0.1456380902195437
independent_interior,state,state_z4c_Gamy,-0.3206439641746652,-0.3313498625657996,0.7552274347245206
independent_interior,state,state_z4c_Gamz,,,
independent_interior,state,state_z4c_Theta,-0.7689233256729779,-0.7737468066156119,0.036307256605171895
independent_interior,state,state_z4c_alpha,2.771677560397487,2.715175689769523,2.76500115810351
independent_interior,state,state_z4c_betax,-0.3787117166200001,-0.39869551523006524,-0.2701820251718443
independent_interior,state,state_z4c_betay,-0.3701531424636475,-0.3758635600464621,0.4930021802048673
independent_interior,state,state_z4c_betaz,,,
independent_interior,state,state_z4c_Bx,2.119633564030651,2.1245624298557177,2.134759413262892
independent_interior,state,state_z4c_By,2.1097180987549584,2.106397423783952,2.143807535506205
independent_interior,state,state_z4c_Bz,,,
independent_interior,rhs,rhs_z4c_chi,-0.4376118142062645,-0.43644368117262183,-0.3102655929120376
independent_interior,rhs,rhs_z4c_gxx,-0.45541524375634346,-0.4567429255235274,-0.36679604542502015
independent_interior,rhs,rhs_z4c_gxy,0.8231450807225918,0.2275372549487059,2.415064940731024
independent_interior,rhs,rhs_z4c_gxz,,,
independent_interior,rhs,rhs_z4c_gyy,-0.44800057802030785,-0.4407776905434905,-0.35991124929185836
independent_interior,rhs,rhs_z4c_gyz,,,
independent_interior,rhs,rhs_z4c_gzz,-0.4194726317413783,-0.4222313553524093,-0.2922427269766073
independent_interior,rhs,rhs_z4c_Khat,1.116023826409768,1.2338532119957528,0.6098165939613491
independent_interior,rhs,rhs_z4c_Axx,-0.03708060374923354,-0.15065428299421976,1.9366408862536146
independent_interior,rhs,rhs_z4c_Axy,2.6016671057146907,2.9019201414756934,3.0951226540972603
independent_interior,rhs,rhs_z4c_Axz,,,
independent_interior,rhs,rhs_z4c_Ayy,-0.005101957024390445,-0.04043024108649082,1.5444879193455787
independent_interior,rhs,rhs_z4c_Ayz,,,
independent_interior,rhs,rhs_z4c_Azz,0.11667191936115179,-0.02789613473476378,0.35049916453619534
independent_interior,rhs,rhs_z4c_Gamx,1.432923998101759,0.2864259177206298,2.650308779604467
independent_interior,rhs,rhs_z4c_Gamy,0.9432904974181184,0.7007859002751278,3.232319083081248
independent_interior,rhs,rhs_z4c_Gamz,,,
independent_interior,rhs,rhs_z4c_Theta,-0.3198279463865231,-0.32954434860020476,0.7829906950961888
independent_interior,rhs,rhs_z4c_alpha,2.190653670146025,2.151907941714254,2.548440183686857
independent_interior,rhs,rhs_z4c_betax,0.058355649515780386,-0.15815278681230266,1.5119232187753344
independent_interior,rhs,rhs_z4c_betay,0.0004010714432900142,-0.038224226214110646,2.024009965510822
independent_interior,rhs,rhs_z4c_betaz,,,
independent_interior,rhs,rhs_z4c_Bx,2.7974258066269946,2.850666628316903,2.5575146042803776
independent_interior,rhs,rhs_z4c_By,2.829514577114134,2.8289691579893717,2.760570315246059
independent_interior,rhs,rhs_z4c_Bz,,,
independent_interior,constraints,con_C,-1.2061634775186998,-1.2054537255803228,-1.1420786520500372
independent_interior,constraints,con_H,0.5338004152945633,0.08779224495809636,0.1771185002753486
independent_interior,constraints,con_M,-0.7254242100026423,-0.9531254140095352,1.232729267840178
independent_interior,constraints,con_Z,-1.1597363860766754,-1.1609018282667039,-1.0834695393685259
independent_interior,constraints,con_Mx,0.8046179104746032,0.3268823898290609,1.5360676725001963
independent_interior,constraints,con_My,0.17222252891989714,-0.17297179990707118,1.3034291497813475
independent_interior,constraints,con_Mz,,,
