rst/refgh_direct_fixed_xi025.00000.rst	10244115817 bytes
rst/refgh_direct_fixed_xi025.00001.rst	10244116556 bytes
rst/refgh_direct_fixed_xi025.00002.rst	10244116556 bytes
rst/refgh_direct_fixed_xi025.00003.rst	10244116556 bytes
rst/refgh_direct_fixed_xi025.00004.rst	10244116556 bytes
rst/refgh_direct_fixed_xi025.00005.rst	10244116556 bytes
rst/refgh_direct_fixed_xi025.00006.rst	10244116556 bytes
rst/refgh_direct_fixed_xi025.00007.rst	10244116556 bytes
rst/refgh_direct_fixed_xi025.00008.rst	10244116556 bytes
rst/refgh_direct_fixed_xi025.00009.rst	10244116556 bytes
