# time,dt,profile,min_alpha,min_chi,min_metric_minor,max_beta,max_Gamma,invalid_points,coordinate_global_volume,coordinate_global_gamma_rms,coordinate_global_chi_gradient_rms,coordinate_global_lapse_gradient_rms,coordinate_global_damping_rms,coordinate_core_r_le_0p25_volume,coordinate_core_r_le_0p25_gamma_rms,coordinate_core_r_le_0p25_chi_gradient_rms,coordinate_core_r_le_0p25_lapse_gradient_rms,coordinate_core_r_le_0p25_damping_rms,coordinate_ah_0p25_to_1_volume,coordinate_ah_0p25_to_1_gamma_rms,coordinate_ah_0p25_to_1_chi_gradient_rms,coordinate_ah_0p25_to_1_lapse_gradient_rms,coordinate_ah_0p25_to_1_damping_rms,coordinate_ext_2_to_8_volume,coordinate_ext_2_to_8_gamma_rms,coordinate_ext_2_to_8_chi_gradient_rms,coordinate_ext_2_to_8_lapse_gradient_rms,coordinate_ext_2_to_8_damping_rms,proper_global_volume,proper_global_gamma_rms,proper_global_chi_gradient_rms,proper_global_lapse_gradient_rms,proper_global_damping_rms,proper_core_r_le_0p25_volume,proper_core_r_le_0p25_gamma_rms,proper_core_r_le_0p25_chi_gradient_rms,proper_core_r_le_0p25_lapse_gradient_rms,proper_core_r_le_0p25_damping_rms,proper_ah_0p25_to_1_volume,proper_ah_0p25_to_1_gamma_rms,proper_ah_0p25_to_1_chi_gradient_rms,proper_ah_0p25_to_1_lapse_gradient_rms,proper_ah_0p25_to_1_damping_rms,proper_ext_2_to_8_volume,proper_ext_2_to_8_gamma_rms,proper_ext_2_to_8_chi_gradient_rms,proper_ext_2_to_8_lapse_gradient_rms,proper_ext_2_to_8_damping_rms
0,0.0052083333333333044,candidate_c,0.0068469584796560286,4.6880840422133617e-05,1.123245147055538,0,8.4225765663600225e-15,0,8000.0000000030732,3.803845598991888e-16,0.0096328048994255219,0.0096328100198610263,0,0.067816840277778068,1.9410067261807526e-15,0.00043833557167386838,0.0004383541866109904,0,4.0441442418985805,4.6858808749218895e-15,0.01894534625673237,0.018945304733950098,0,2098.4700520836418,4.3826610830444538e-16,0.015335591089538208,0.015335595326587561,0,15709.604890101953,9.1780493009785597e-16,0.0096447506240167104,0.0096447544594253053,0,4101.8609923536414,1.4400406812801821e-15,5.8522267943828251e-05,5.8525504528194491e-05,0,155.18459190051482,3.9448539998308472e-15,0.012896864560509414,0.012896845893001658,0,3555.9126069352342,4.8122477778881656e-16,0.016574311544381298,0.016574316126035715,0
0.10000000000000001,0.0020833333333345194,candidate_c,0.0068538241747927442,4.6189093892502383e-05,1.1232451474016143,5.5415721399822858e-05,0.0017286275184084602,0,8000.0000000030732,2.6383459449805107e-05,0.009632900085065902,0.0096319698227664858,1.7079873463939798e-06,0.067816840277778068,0.00093472049108987644,0.00043846893049384795,0.00043857114853574161,5.9074350558610038e-05,4.0441442418985805,0.0010627933119119728,0.018949196861763547,0.018942931650425005,6.8084502002463775e-05,2098.4700520836418,3.2496362328948703e-06,0.015335735183201618,0.015334075701767492,3.1777343628168815e-07,15788.965411312034,0.0001707778834288383,0.0096206987044700626,0.0096193253442241975,1.0592427470432488e-05,4181.2044407437043,0.00019444173054464315,5.798109625401348e-05,5.7995124122987438e-05,1.1200683348509666e-05,155.18943436357742,0.0013781226003237153,0.012899905246598386,0.012896230404985791,8.8399327858611386e-05,3555.9193743790174,4.5855194577350223e-06,0.016574514382964506,0.016572372768756154,4.3621273155178153e-07
0.20416666666666625,0.0052083333333333044,candidate_c,0.0068613472804691057,4.5476714031153116e-05,1.123245150472179,0.00042376337743767466,0.006595450311626924,0,8000.0000000030732,0.00010619278083261867,0.0096331984251649891,0.0096293298935707164,1.3532152279835518e-05,0.067816840277778068,0.0039180409828279425,0.00043896067008653445,0.00043932542500194961,0.00048297222035191545,4.0441442418985805,0.0042388689212257075,0.018962200440443725,0.018936082074089641,0.00053606352863362963,2098.4700520836418,1.3677292900805699e-05,0.01533619084678628,0.015329260131272103,2.5799206167899178e-06,15873.857099010405,0.000806194584327245,0.0095956297604955793,0.009589928393362826,9.411462385154265e-05,4266.0490414672486,0.0011601083985522266,5.7461958387079818e-05,5.7509302912525122e-05,0.00012420933432830028,155.19845225346501,0.0053496099456672302,0.012910361784029701,0.012894922940716739,0.00068363224341067073,3555.9407412798278,1.9302117709304244e-05,0.016575154939032593,0.016566215226012662,3.5404935410670579e-06
0.25,0.0052083333333333044,candidate_c,0.0068652068701314803,4.5168558691932532e-05,1.1232451544595781,0.00073564021117281586,0.009392760808567626,0,8000.0000000030732,0.00015588790101597389,0.0096333932800916865,0.0096276047201297801,2.399117556284121e-05,0.067816840277778068,0.0057606334314265466,0.00043934184334964239,0.00043987592527130868,0.00086389008502411988,4.0441442418985805,0.0061878453549289647,0.018971372949267373,0.018932080818265948,0.00094665304256713015,2098.4700520836418,2.0625714704218438e-05,0.015336489538313642,0.01532609471890313,4.6468189796582543e-06,15911.57451422104,0.0012161849807248279,0.0095847071219861864,0.0095761788394471675,0.00017396902252301698,4303.7407780186932,0.0018060690000508187,5.7255585576509177e-05,5.7324222327777752e-05,0.0002422667005401041,155.19968187669525,0.0076965677778176051,0.012917861164096078,0.012894539875941175,0.0011950994876342889,3555.9547211150275,2.9109731734398661e-05,0.016575574167639148,0.016562168082247294,6.3771703556054675e-06
0.40104166666666613,0.0052083333333333044,candidate_c,0.0068837852077704006,4.4198845934290335e-05,1.1232451923503015,0.0024646358241252188,0.019843079353526177,0,8000.0000000030732,0.00036758537959763905,0.0096343108207789831,0.0096195018342695084,8.7231039823139976e-05,0.067816840277778068,0.0122983818047619,0.00044170539520823606,0.00044299867183639761,0.0030445164226835819,4.0441442418985805,0.014230779007075766,0.01902086737107675,0.018917609100692904,0.0033818619054640209,2098.4700520836418,5.4406913265516922e-05,0.015337893695623231,0.015311113128726506,1.8096799072472847e-05,16034.034204557091,0.0026793729554526373,0.0095502281834849573,0.0095284420991809567,0.00064707470613382045,4426.1253297027697,0.0039634491291503189,5.6732043050528256e-05,5.6894884690550189e-05,0.0009491906379018181,155.16504365421719,0.016752549326522221,0.012959144099724389,0.012896867968586058,0.0041062049664007325,3556.0201871153099,7.6800462067790236e-05,0.016577538161072148,0.016543015588158214,2.484414119117638e-05
0.5,1.7763568394002505e-15,candidate_c,0.0069031910568685692,4.3618436078896573e-05,1.1232452461643359,0.0041190166206458911,0.026832012785367274,0,8000.0000000030732,0.00053463144263929212,0.009635144448730917,0.0096121893214874757,0.00015447281811122946,0.067816840277778068,0.015995681714618275,0.00044446591099466925,0.00044640705653002525,0.0050616173277189943,4.0441442418985805,0.020233074192662497,0.019073626979720804,0.018909595727864301,0.005895641530378617,2098.4700520836418,8.6366595713943973e-05,0.015339156109185037,0.015297482416270842,3.3890872559539958e-05,16109.899495286641,0.0035556493103089909,0.0095297557219142064,0.0094960306671175929,0.0010959420751410058,4501.9724496746421,0.0051075604721123576,5.6563523141696385e-05,5.6805677182862488e-05,0.0015962615202541781,155.09127376798062,0.022895813236701992,0.013003562171081522,0.012903526504601108,0.0069536049916397724,3556.0787862740672,0.00012193089824785014,0.016579294219763514,0.016525594110066582,4.6542884372272086e-05
0.60416666666666519,0.0052083333333333044,candidate_c,0.0069313098693285511,4.3066556916939076e-05,1.1232453301468266,0.0061878018906711034,0.033746812463443993,0,8000.0000000030732,0.00072546305405488327,0.0096362263845132315,0.009602782095275559,0.00024703280090421128,0.067816840277778068,0.01929056064825025,0.00044860740732225477,0.00045136246280298449,0.0074542414855574279,4.0441442418985805,0.026657186809221935,0.01915105826122359,0.018904656038333505,0.0092384368262322693,2098.4700520836418,0.00012942870734205546,0.01534076745311644,0.015279834369456687,5.7869065590298178e-05,16183.609720830864,0.0043880542113429906,0.0095107303875380939,0.0094616728990040543,0.0016427641072532294,4575.7063502653555,0.0061070879920234753,5.6565524815379039e-05,5.6906394812003694e-05,0.0023518701858875179,154.95865061239567,0.029022800144183483,0.013068487621590871,0.012916572746319969,0.010561130148225319,3556.1533811925942,0.00018275415982351128,0.016581522310525492,0.016503046614136829,7.9506997072831194e-05
0.70312499999999711,0.0052083333333333044,candidate_c,0.0069659431529595153,4.2604513133724816e-05,1.123245433168284,0.0083596458969123506,0.039770561403418218,0,8000.0000000030732,0.00091605342762709954,0.009637454565193727,0.0095922218915139926,0.00035423277017930272,0.067816840277778068,0.022074429456866256,0.00045381374007751388,0.00045747890864146587,0.0098558938330267267,4.0441442418985805,0.032589909432525134,0.019248399152836829,0.018904404671093812,0.012948036911758901,2098.4700520836418,0.00018030482243416317,0.015342555536676072,0.015259898675246944,8.8701182276933554e-05,16246.258070967506,0.0051214420896908185,0.0094955004264715183,0.0094292522531208948,0.0022071063202800251,4638.4243361533017,0.0069469606177510849,5.6752575474226074e-05,5.7202976619833173e-05,0.0031012300246047678,154.77807076981381,0.034433708970098176,0.013149372384529075,0.012935392942485099,0.014394208075234222,3556.2360146494343,0.0002546348871811951,0.016583977381866177,0.016477589557027602,0.00012192538488711152
0.80208333333332904,0.0052083333333333044,candidate_c,0.0070086439893686445,4.2207415760255004e-05,1.1232455548577434,0.010654219799652696,0.045348904987465161,0,8000.0000000030732,0.0011127028397636427,0.0096388850936545284,0.0095800788711389116,0.00047842673290147551,0.067816840277778068,0.024705937265512928,0.00046033579427335328,0.0004650566196399344,0.012319495871415363,4.0441442418985805,0.038234019424773696,0.019370620400143968,0.018908882538828282,0.017042575541818327,2098.4700520836418,0.00024201325421152346,0.01534458185151445,0.015236834296820158,0.000128413438756186,16300.438349469174,0.0058240530474835753,0.0094834096053151382,0.0093974025049988631,0.0027999731866964008,4692.7229321998266,0.0077395524684236144,5.7131422657273518e-05,5.7708139221281005e-05,0.0038634301194817493,154.54521783949309,0.039503819910760608,0.013250026727537854,0.012960661826207713,0.018485831865466117,3556.3295614113381,0.00034184148979318557,0.016586737281526452,0.01644815416838686,0.00017660517732216792
0.90104166666666097,0.0052083333333333044,candidate_c,0.0070596720904933423,4.1878818052386561e-05,1.1232456922828467,0.013022494053463767,0.050649384766993953,0,8000.0000000030732,0.0013137689641006967,0.0096405258827456462,0.0095663506335823614,0.00061782848902222187,0.067816840277778068,0.02729688881234622,0.00046824969962029134,0.00047418318279625435,0.01482057951710428,4.0441442418985805,0.043579975705324792,0.019518201249395219,0.018917974693049847,0.021403115724860526,2098.4700520836418,0.00031576858570216593,0.01534683283448841,0.01521059762107793,0.00017803786523048337,16345.006125493732,0.0065139400073743192,0.0094747856231204262,0.0093664309300981186,0.0034132141212331168,4737.4586351497928,0.0085211724977228964,5.7713485140235332e-05,5.8434770570635474e-05,0.0046326505386466007,154.26210242647974,0.044337090443865218,0.013370759877534496,0.012992244761179297,0.022742353543864367,3556.4334072834426,0.00044608752106564594,0.016589774498252673,0.016414692073562113,0.0002449909045945966
1,1.4210854715202004e-14,candidate_c,0.0071192912408494574,4.1622171094618029e-05,1.1232458442528244,0.015437281063832792,0.055825176109920757,0,8000.0000000030732,0.0015184835554992997,0.0096423855523471817,0.0095510334819981918,0.00077080621965503588,0.067816840277778068,0.029906507220374409,0.00047764308792856269,0.00048495715808979467,0.017353956921939164,4.0441442418985805,0.048684681999560296,0.01969076527531528,0.018931251924961815,0.025937216848598916,2098.4700520836418,0.00040290827704932169,0.015349294059293299,0.015181141546824676,0.00023863930721027918,16378.879077854253,0.0072012529798355755,0.0094699395955118639,0.0093366203464999124,0.0040426929451224183,4771.5493265260266,0.0093079671661421889,5.8512161453855065e-05,5.9397826483316376e-05,0.0054087727557787903,153.93068826993374,0.049037832831216689,0.013511394677097882,0.013029831808829658,0.02710577296778954,3556.5468650196381,0.00056925335429224586,0.016593058684167425,0.016377154083075617,0.00032857423328117724
1.1041666666666652,0.0052083333333333044,candidate_c,0.0071916656889848152,4.1433698961370656e-05,1.1232460200169685,0.018017321803413991,0.061259037720555083,0,8000.0000000030732,0.0017376954207235494,0.0096445896641214734,0.0095331863649943879,0.0009449740347033086,0.067816840277778068,0.032706095237367262,0.00048924453040871186,0.00049820465328991384,0.020059321678138651,4.0441442418985805,0.053900322121983937,0.01989826083057198,0.018949123703789712,0.030829448901433357,2098.4700520836418,0.00051062743796148266,0.015352095660248864,0.015146598677158677,0.00031550707118133635,16401.854676962175,0.0079296402111949955,0.0094692476459545278,0.0093067819635087173,0.0047207759889144399,4794.807917842496,0.010152875496103901,5.9604891108231815e-05,6.0686839630918186e-05,0.006235686303538151,153.53122139121686,0.053940599603753296,0.013680373238883261,0.01307545987076068,0.031780775441597693,3556.675838856565,0.00072148223713517593,0.016596747050935508,0.016333177424817737,0.00043467979969681906
1.2031249999999971,0.0052083333333333044,candidate_c,0.0072699415605873693,4.1336291614771385e-05,1.1232462024210641,0.020501381016400633,0.066475304141915242,0,8000.0000000030732,0.0019496347467747371,0.0096469275527921953,0.0095145844110763739,0.0011217387918375566,0.067816840277778068,0.0354356364542011,0.00050202507531252652,0.00051274194069278337,0.022673570977632382,4.0441442418985805,0.058806380656133597,0.020118525837804772,0.018969216859105797,0.035555645846546982,2098.4700520836418,0.00062955919874303702,0.015354941582213748,0.015110363078518129,0.00040215067399065652,16410.640474086969,0.008630773557492458,0.0094730750086626011,0.0092801493051114202,0.0053790251360711101,4803.9136469897549,0.010977322505646795,6.0903315095991829e-05,6.2195718104263373e-05,0.0070340771398324084,153.10445864752319,0.058624553212378597,0.01386013691811331,0.013124150609070529,0.036287907093427149,3556.8065572521346,0.00088948315246506113,0.016600436005737188,0.016287099240735587,0.00055436541243257162
1.302083333333329,0.0052083333333333044,candidate_c,0.0073579404652551342,4.1322721063773403e-05,1.1232463999306774,0.02301840511687555,0.071780643110628276,0,8000.0000000030732,0.0021655061340519408,0.0096495123330132392,0.0094943670857503739,0.0013086270636439895,0.067816840277778068,0.03824526447280522,0.00051667209150976865,0.00052934122764895493,0.025339854741462099,4.0441442418985805,0.06373800293827199,0.020360072924438147,0.018991846579185425,0.040345752987316165,2098.4700520836418,0.00076584368779635816,0.015357951644372165,0.015070736622576041,0.00050324407226500596,16405.849832809829,0.0093446223567046592,0.0094815408529512618,0.0092554055148469268,0.0060512195036838828,4799.4928049825457,0.011829553472186814,6.2480152188284176e-05,6.4008289056972261e-05,0.00784896659671281,152.63187268562848,0.063376754915987876,0.014058081004672587,0.01317765715967404,0.040859306357304191,3556.944342607856,0.001081841735237018,0.016604272220761763,0.016236775130746315,0.00069408501357224423
1.401041666666661,0.0052083333333333044,candidate_c,0.0074561855216752288,4.1397626775397713e-05,1.1232466121331068,0.025572326192731639,0.077191361401118028,0,8000.0000000030732,0.0023857301527460584,0.0096523525410141444,0.0094725232526952797,0.0015049817177310819,0.067816840277778068,0.04113531008524636,0.00053336291520335029,0.00054818347301751637,0.028066670492516762,4.0441442418985805,0.068738766627060757,0.020621887462123067,0.019016602757589207,0.045199706041426771,2098.4700520836418,0.00092020917729724748,0.01536111318850554,0.015027661591778747,0.00061991017266048291,16386.751301670847,0.01007231576258638,0.0094948858074148344,0.0092327383758916502,0.0067380023594937047,4780.8141400514633,0.012710742829801738,6.4364773158494742e-05,6.6155732744289906e-05,0.0086845239844755978,152.1133450858693,0.068221055234054764,0.014273788046801924,0.013235614517325876,0.045500824254714065,3557.0882512513608,0.0012994322992136433,0.016608229790336507,0.016182153255739185,0.00085537048934836363
1.4999999999999929,0.0052083333333333044,candidate_c,0.0075652837147707104,4.1566058044454715e-05,1.1232468383416438,0.02816693266080246,0.082715638440051795,0,8000.0000000030732,0.0026107548900197327,0.0096554561756662122,0.009449040755503936,0.0017103266807022455,0.067816840277778068,0.044106961246020773,0.0005523045682509233,0.0005694735661633094,0.030861089673747819,4.0441442418985805,0.0738324384364661,0.020903120818879101,0.019043121737122758,0.050123245849922955,2098.4700520836418,0.0010926657644510977,0.015364420649634536,0.014981078393574786,0.00075315084437630429,16352.775441385791,0.010813374481743415,0.0095133184807303425,0.0092123001243608997,0.0074398543920565106,4747.3084936787482,0.013618895347191422,6.6592156029663923e-05,6.8674605878623341e-05,0.0095440406507808408,151.54859227307207,0.073170502151801889,0.014506931550040954,0.013297663611763644,0.050220605758389283,3557.2373334657286,0.0015420300942850472,0.016612297720470494,0.016123182837998282,0.001039550071875404
1.6041666666666581,0.0052083333333333044,candidate_c,0.0076926069168612677,4.1850345322797756e-05,1.1232470908562306,0.030946443474435651,0.088660093073868212,0,8000.0000000030732,0.0028532948609097919,0.0096590157333077929,0.0094225377879954691,0.0019358313224451331,0.067816840277778068,0.047331800265590702,0.00057493924390295394,0.00059478072238214634,0.033883362609131384,4.0441442418985805,0.079308065414403647,0.021219286492159074,0.01907256426559107,0.055389695219629026,2098.4700520836418,0.0012927131327213398,0.015368066271696457,0.014928185581067299,0.00091214953989207203,16300.543226379468,0.011611158972798536,0.0095383990797158064,0.0091933103977100399,0.008195608095080055,4695.6260056193496,0.014613349819279975,6.9352612649409268e-05,7.1774010319395709e-05,0.010478522035029974,150.90379705299389,0.078501297280872712,0.01477086891200222,0.013366999592741173,0.055282718139904229,3557.3988658774829,0.0018226011284897721,0.016616711706281633,0.016056356694889716,0.001259196819306577
1.70312499999999,0.0052083333333333044,candidate_c,0.0078262495751701584,4.2228236815093912e-05,1.1232473439757786,0.033636710855079154,0.094432511006544734,0,8000.0000000030732,0.003089528541082492,0.0096626817739397779,0.0093956512817209813,0.0021587239113892744,0.067816840277778068,0.050490552198057974,0.00059929464135509945,0.00062183928020319605,0.03683867361850534,4.0441442418985805,0.084624819089067216,0.021537974765782831,0.019101654769678983,0.060480784334965405,2098.4700520836418,0.0014984151334886946,0.015371705241649712,0.014874207389208308,0.0010814333631226772,16235.132811175234,0.012386037559191373,0.0095677435567938993,0.009177729060089743,0.0089306280425898981,4630.7902499270822,0.015596166560200497,7.2421385453047725e-05,7.5195346629741106e-05,0.01139901210928901,150.24307045521846,0.083685353060845249,0.015038912147692565,0.013436308905321971,0.060189442598744029,3557.5558896170751,0.002109976584358182,0.016621068381947813,0.015988309709513458,0.0014927574095126546
1.8020833333333219,0.0052083333333333044,candidate_c,0.0079731679589146003,4.2717720176493132e-05,1.1232476098670179,0.03637844200327045,0.10032822036619451,0,8000.0000000030732,0.0033318224708149833,0.0096666298953236671,0.0093670887241429062,0.0023899317304204581,0.067816840277778068,0.053744679985268676,0.00062675650573437583,0.00065211881098280731,0.039882610452179307,4.0441442418985805,0.09005722335050402,0.021873722562706317,0.019131540092280675,0.065665120006267508,2098.4700520836418,0.0017170279105076305,0.015375545475176475,0.01481653336302368,0.0012684796052822042,16154.447593506437,0.013177056340338656,0.0096025296589400903,0.0091645497353337151,0.0096827977112635289,4550.7311743814917,0.016616747573324139,7.5984075977910483e-05,7.913876736928903e-05,0.012354927363730036,149.53506279671194,0.08898927433605075,0.015323507588395319,0.013508600962784943,0.065199047099005383,3557.7157913313781,0.002414011160625069,0.016625640921441292,0.015915778070905148,0.0017503374710717602
1.9010416666666539,0.0052083333333333044,candidate_c,0.008134376175960651,4.3325745385900487e-05,1.1232478886991117,0.039175838774704881,0.1063531096426699,0,8000.0000000030732,0.0035805300732839156,0.0096708632222455241,0.0093368414046400665,0.0026293969274587678,0.067816840277778068,0.057097637735403051,0.00065769384140237452,0.00068591563039286686,0.043021443332797733,4.0441442418985805,0.095607563176523983,0.022225689890301249,0.019161944829129855,0.070949221947217048,2098.4700520836418,0.0019463886405063451,0.015379622361479743,0.014755105434981111,0.0014729119354328826,16058.860344322908,0.0139860234420162,0.0096427592390663369,0.0091537212032835671,0.010452802588986274,4455.82195833882,0.017682655666970172,8.0108999985901267e-05,8.3668446217523759e-05,0.013350515441197542,148.77946772441874,0.094414956603794856,0.01562431732410712,0.013583510012612467,0.070318244809473421,3557.8781892928491,0.0027314500902392998,0.016630493771848481,0.015838730541930496,0.002031158802324344
2,2.8421709430404007e-14,candidate_c,0.0083110214287245455,4.4059907490130296e-05,1.1232481808427242,0.042030354616993969,0.11250678461944361,0,8000.0000000030732,0.0038359729015394629,0.0096753829897633717,0.0093049023901035973,0.0028771086095283876,0.067816840277778068,0.060551503903496277,0.00069252730403358647,0.00072354010110014036,0.046261176375894546,4.0441442418985805,0.10127750016945836,0.022592971568771106,0.01919260645413863,0.0763386903802767,2098.4700520836418,0.0021847785175335916,0.015383972147660213,0.014689867682114117,0.0016940985484167293,15948.996433939556,0.014811333814238182,0.0096883712738498103,0.0091451353509948031,0.011241107505628867,4346.688363445197,0.018792366303276218,8.4876394726889201e-05,8.8856720849327377e-05,0.01438984693601497,147.97603361555173,0.099964371457282236,0.015940955809015028,0.013660666103630559,0.075553000177909016,3558.0428961218258,0.0030597905624995267,0.016635690356685041,0.015757142899098971,0.0023340907841635137
2.1041666666666696,0.0052083333333333044,candidate_c,0.0085150563500570441,4.4978044977866079e-05,1.1232485032672626,0.045101014405916982,0.11912382303473047,0,8000.0000000030732,0.0041124589352590718,0.009680448962045245,0.0092694495898587373,0.0031467905445946545,0.067816840277778068,0.064298878387713768,0.00073392830560227375,0.00076762729851774947,0.049786614858818336,4.0441442418985805,0.10737664751093251,0.022995047794221478,0.01922489536767049,0.082130851263753565,2098.4700520836418,0.0024442568741164261,0.015388881265186423,0.014617023291138094,0.0019441893441877551,15818.897219471366,0.015698884101588446,0.0097420545018228662,0.0091383349978286822,0.012091036798194395,4217.4147868489235,0.020015124381138959,9.0692286787030367e-05,9.5118278524002547e-05,0.015535761751853096,147.07842071781067,0.10594105137173747,0.016290871413132468,0.013743904870980411,0.081193921391725044,3558.2187436392105,0.0034155158456476674,0.01664159047199254,0.01566634039930595,0.0026754409814062148
2.2031250000000058,0.0052083333333333044,candidate_c,0.0087275915425654594,4.5997785209924479e-05,1.123248824254335,0.048081512426790526,0.12554486675733117,0,8000.0000000030732,0.004382625081199798,0.0096855508279857939,0.0092340263425152534,0.0034115194798140566,0.067816840277778068,0.06796880516135477,0.00077831908094299935,0.00081409176390485449,0.05325113517846123,4.0441442418985805,0.1132965373154116,0.023390593994883597,0.019255361112706336,0.087750638307595025,2098.4700520836418,0.0026984906263473776,0.015393884510725108,0.014543808246013057,0.0021973815117577095,15682.734010636028,0.01655924113497334,0.0097982312477115485,0.0091337659473256626,0.012917868163441561,4082.0903139622242,0.021231290970202158,9.7090250561796931e-05,0.00010191991866389058,0.016678490545989112,146.17626673814061,0.11174808966237544,0.016638537102135757,0.013824521680778915,0.086681690115279972,3558.3882506715208,0.0037626470755596415,0.016647641954395043,0.015575400696630408,0.0030197808681258682
2.3020833333333419,0.0052083333333333044,candidate_c,0.0089600064243743303,4.7171354057072166e-05,1.1232491600420642,0.05112562248179086,0.13209898260847633,0,8000.0000000030732,0.0046603601091002476,0.009690928275439643,0.00919690594807503,0.0036846173024745695,0.067816840277778068,0.071745290444546694,0.00082825294878012122,0.0008653125795957062,0.056833466401076754,4.0441442418985805,0.11934014999578883,0.023798189459434137,0.019285444811535164,0.093488019537798284,2098.4700520836418,0.0029604887340709432,0.015399234851612556,0.01446664288115543,0.0024651166221779999,15535.660109719984,0.017435964418719616,0.0098591789894154156,0.0091307583714736983,0.013763677678296173,3935.9084108294055,0.022504630127911259,0.00010446974989400207,0.00010965127740982892,0.017878805316280139,145.22592382916031,0.11768147855272479,0.017000460130590027,0.013906277986754593,0.092299012702658181,3558.5603139113127,0.0041192396849851608,0.016654146609608084,0.015479914088588479,0.0033826093873588524
2.4010416666666781,0.0052083333333333044,candidate_c,0.0092141280668883684,4.8509692847722228e-05,1.123249511101688,0.05423495839984175,0.13878495051356726,0,8000.0000000030732,0.0049458956032109201,0.0096965726410900514,0.009158093497525735,0.0039661445637603904,0.067816840277778068,0.075627618690059628,0.00088439652113785593,0.00092153363597319814,0.0605382465630196,4.0441442418985805,0.12550804521054923,0.024216594437330492,0.019315022554645279,0.099345647939751119,2098.4700520836418,0.0032308228971624541,0.015404940454663467,0.01438549688576715,0.0027469028666472226,15379.150837236624,0.018327837459428998,0.0099245628923384944,0.0091289904641427885,0.014628304020738102,3780.3445936630651,0.0238371706011422,0.00011298056637887881,0.00011841561682022593,0.019141536624409376,144.22746301764971,0.12374114930556951,0.017375973263129049,0.013988837112642342,0.098049127178961484,3558.7351194583725,0.0044862557064850881,0.016661106682521857,0.015379906919176725,0.0037631581902944867
2.5000000000000142,0.0052083333333333044,candidate_c,0.0094919971420094652,5.00248567931608e-05,1.1232498779263747,0.057411101386288611,0.14560354431056821,0,8000.0000000030732,0.005239444185376565,0.0097024725359883442,0.0091175987606969423,0.0042561607067476276,0.067816840277778068,0.079616102471595326,0.00094747733879819247,0.00098293152740095021,0.064369714150457294,4.0441442418985805,0.13180022296752875,0.024644480766557803,0.019344017503940932,0.10532549155533304,2098.4700520836418,0.0035102020608758981,0.015411003044068344,0.014300351654815925,0.0030424082866090212,15214.801755907347,0.019234240590269673,0.0099939868989386491,0.0091281032587970014,0.015511380139166793,3616.9945255188736,0.025233343918457496,0.00012279567690328411,0.00012832069427878609,0.020471676212769026,143.18107742140054,0.12992664692361511,0.01776432083068415,0.014071880981832825,0.10393462899373469,3558.9128480912318,0.0048648043262487107,0.016668512158648924,0.015275424517209051,0.0041609136590463579
2.6041666666666838,0.0052083333333333044,candidate_c,0.0098126559862912952,5.1825498997954142e-05,1.1232502817033767,0.060826981919501165,0.15292711328009978,0,8000.0000000030732,0.0055573118442768165,0.0097089432800934201,0.0090731711813265108,0.0045706702727030361,0.067816840277778068,0.083929241542020236,0.001022233709683025,0.0010532421972904188,0.068544144377180649,4.0441442418985805,0.1385574708422731,0.025103565619235081,0.019373874386423909,0.11175352105786297,2098.4700520836418,0.0038148517575202923,0.015417766386054035,0.014206397126097937,0.0033680734619097102,15035.166197193823,0.020203064283936263,0.010070933900641569,0.0091276956330219663,0.016460322700419406,3438.4684070814769,0.026776409464258813,0.0001347552596542368,0.00014010001005561855,0.021950636539016365,142.0282080706377,0.13657280217600162,0.018186033222624333,0.014159493012084998,0.11027831380575033,3559.1032644833567,0.0052769153172738574,0.016676767015481452,0.015160678615270476,0.004597857729864852
2.70312500000002,0.0052083333333333044,candidate_c,0.010146707281754375,5.3747119711687434e-05,1.1232506827348747,0.064141412671894715,0.16001833218392258,0,8000.0000000030732,0.0058678940884249776,0.0097153196993192883,0.009029273198282917,0.0048782672326749847,0.067816840277778068,0.088134189044538708,0.0011020549559375204,0.0011253883154647077,0.072647941032759095,4.0441442418985805,0.14510306903400802,0.025546355051811211,0.019401628207356077,0.1179875885419743,2098.4700520836418,0.004115027387045429,0.015424545430369779,0.014113033119662031,0.0036912365951572933,14859.973864827563,0.021135945106380102,0.01014718978154896,0.009127386266477959,0.017379488658228366,3264.384854258275,0.028315370896451836,0.00014790096788585912,0.00015268853721011008,0.023436408625801625,140.88464504879113,0.1430136625210677,0.018597934701925271,0.014242631305331006,0.11644721037760405,3559.2874639917518,0.0056823975050085121,0.01668501683511675,0.015047228789200527,0.0050301359308055644
2.8020833333333561,0.0052083333333333044,candidate_c,0.010512340671366789,5.5891279897414562e-05,1.1232511015175957,0.067523318381487632,0.16723819544384469,0,8000.0000000030732,0.0061870217183331057,0.0097218986036274411,0.0089837507327109219,0.0051944809302584332,0.067816840277778068,0.092442234202343029,0.0011913253401150141,0.0012025481818183313,0.076889640886865923,4.0441442418985805,0.15176998618553592,0.025993989613794337,0.019428871815298461,0.1243457496309556,2098.4700520836418,0.0044263430052524115,0.015431655932599509,0.014015683488509623,0.004027809152516491,14682.060245682529,0.02207973174819244,0.010225975935861078,0.0091267347768928409,0.018314943321840634,3087.633137640878,0.029930031849201556,0.00016304755032935981,0.00016674358472168791,0.025006912591948656,139.69464079393069,0.14957575869125772,0.019019725750950782,0.014325444390492314,0.1227554807366584,3559.474984128572,0.0061023896371056501,0.016693627763034739,0.014929553018170413,0.0054791012978359539
2.9010416666666923,0.0052083333333333044,candidate_c,0.010912772182541467,5.8276641524675188e-05,1.1232515388608448,0.0709722829269126,0.17458640111678675,0,8000.0000000030732,0.0065148290600212074,0.0097286561383520161,0.0089366327673008426,0.0055193239383141716,0.067816840277778068,0.09684941677601655,0.001290909289122831,0.0012843511810352196,0.081272085740754826,4.0441442418985805,0.1585559181284534,0.026444758876893144,0.019455762973662138,0.13082719812548146,2098.4700520836418,0.004749407244554674,0.015439079435994202,0.013914378393664063,0.0043778212258829673,14503.036316547035,0.023032854261849253,0.010306728073733177,0.0091253356467711107,0.019265599187604971,2909.8237990266912,0.031624502923130841,0.00018048500159169913,0.0001823572920078096,0.02666850276644888,138.45901828261233,0.15625535062774862,0.019450206439728574,0.014407751520000334,0.12920286332766701,3559.6658921954877,0.0065376866027375751,0.01670255595399401,0.014807771312793153,0.0059447623501306468
3.0000000000000284,0.0052083333333333044,candidate_c,0.011351637452103096,6.0924136986569428e-05,1.1232519956092193,0.074487412631180347,0.18205533364905341,0,8000.0000000030732,0.0068514291635355887,0.0097355649654556082,0.0088879544966524449,0.0058527896624549994,0.067816840277778068,0.10134770489937976,0.0014016514374375767,0.0013702426469381227,0.085797090517076971,4.0441442418985805,0.16545778793829716,0.026896861593620952,0.019482533761219716,0.1374303733986911,2098.4700520836418,0.0050847967067395887,0.015446791672425672,0.013809164118571245,0.004741331836770211,14324.420729607027,0.023992997876690261,0.010388862635614008,0.0091227995959843322,0.020230117893828756,2732.4748767413421,0.033400671328855651,0.00020053566750150421,0.00019960705352046229,0.028427671359230244,137.17879754476462,0.16304794749938548,0.019888049182702407,0.014489427485728058,0.13578814585967036,3559.8602228423692,0.0069890168237264575,0.016711748829977949,0.014682025774188569,0.0064271598744842047
3.104166666666698,0.0052083333333333044,candidate_c,0.011859697282873116,6.4019973696897455e-05,1.1232524983025907,0.078257463611215577,0.19004250771998946,0,8000.0000000030732,0.0072153445893022722,0.0097429669846363139,0.0088350740405100745,0.0062130906034889109,0.067816840277778068,0.10617312550211655,0.0015311465867815534,0.0014642571644363095,0.090714949282759541,4.0441442418985805,0.1728439593845813,0.02737211948990376,0.019510915486716709,0.1445099994710338,2098.4700520836418,0.0054517473125962829,0.015455188538568488,0.013694257588148399,0.0051386375235677323,14138.388078266391,0.025008765475921291,0.010476158997988044,0.0091185008640633277,0.021258588718389263,2547.8309101045265,0.035360961794131382,0.00022485467289603503,0.00021959579803838914,0.030391894022275528,135.78438514240861,0.17031450096142658,0.02035527945223941,0.014574648943647735,0.14286661016738825,3560.0684778361829,0.007482146437822695,0.016721644003697526,0.014545559827360074,0.006953083608001954
3.2031250000000342,0.0052083333333333044,candidate_c,0.012391212481863681,6.7282010967324024e-05,1.123252997569784,0.081903457242557251,0.19774770167096439,0,8000.0000000030732,0.0075702554518247353,0.0097500863666625786,0.0087833285153554892,0.0065641427659179534,0.067816840277778068,0.11083787416784656,0.0016671781573077043,0.0015560417733629468,0.095533954005225921,4.0441442418985805,0.17997098002682169,0.027820939576638982,0.019538456982657014,0.15135480025672313,2098.4700520836418,0.0058140962392967156,0.015463392712336882,0.013581230051127529,0.0055300852021822663,13964.869357757489,0.025976945907947673,0.010559261566888863,0.0091125212393895396,0.022246321571677358,2375.6829347788503,0.037314683939066312,0.00025141268473053541,0.00024036065415330933,0.032371841895738593,134.41677313220396,0.17732202482715825,0.020803495522803681,0.014654895393316571,0.14972709642630741,3560.2697891688463,0.0079683901113843467,0.016731178864188706,0.014412211560779417,0.0074699865144446662
3.3020833333333703,0.0052083333333333044,candidate_c,0.012976245047243507,7.0886722974079067e-05,1.1232535188722654,0.085610312109052372,0.2055569036756037,0,8000.0000000030732,0.0079341667618071047,0.0097572529960701492,0.0087301663632797875,0.0069236584979786697,0.067816840277778068,0.11557284442145986,0.0018164729020512136,0.0016491658486356326,0.10049574077712649,4.0441442418985805,0.18719966235731658,0.028265058474335445,0.019567011144227479,0.15831160579335865,2098.4700520836418,0.0061903355169427203,0.015471775533650133,0.013464529757562427,0.0059352494665879749,13795.626099140351,0.026946018873383822,0.01064192563116491,0.0091043951288674856,0.023242574058292144,2207.859300448999,0.039360415679679198,0.00028175803829898243,0.00026286405125067766,0.034470217279135303,133.00910006149729,0.18442411861454278,0.021254164533413968,0.014734523162423775,0.15671574075918043,3560.4743955299027,0.0084725182491699452,0.016740764830495726,0.014275459820864662,0.0080037471423127816
3.4010416666667065,0.0052083333333333044,candidate_c,0.013621965240386174,7.4866841111828419e-05,1.1232540630971724,0.089375001697671805,0.21346174883227217,0,8000.0000000030732,0.0083070972067176702,0.0097644264073158231,0.0086756468382191351,0.0072915349204955128,0.067816840277778068,0.12036651290788659,0.0019794425922723606,0.0017424841500940905,0.10559862759344692,4.0441442418985805,0.19452350121858594,0.028702345188090235,0.019597092261610594,0.16537549839869947,2098.4700520836418,0.0065809312751361829,0.015480289094063425,0.013344266961763164,0.0063541845435362461,13631.635020211734,0.02791335623840259,0.010723567458519783,0.0090938730258792264,0.024245269775231195,2045.3352160357881,0.041498926142492829,0.00031632831688730844,0.00028708623026754855,0.03669416636022492,131.56334308669815,0.19161274962021432,0.021705388311124636,0.014813689376553035,0.16382721220919078,3560.6821675562951,0.008995049124662249,0.016750315024952795,0.014135530059578613,0.008554364024926684
3.5000000000000426,0.0052083333333333044,candidate_c,0.014337469434155254,7.9258484558150582e-05,1.1232546311601836,0.0931935959251846,0.22145617945144722,0,8000.0000000030732,0.0086890395009962401,0.0097715631778253452,0.0086198357467956593,0.0076676422284551321,0.067816840277778068,0.12520707531694494,0.0021563010274105276,0.0018348044135803323,0.11083961255063811,4.0441442418985805,0.20193512784244502,0.029130606043604425,0.019629283672191918,0.17254066278771896,2098.4700520836418,0.0069863264707054583,0.015488879688396427,0.01322056985424778,0.0067869267313750365,13473.728039667541,0.028876808899521982,0.010803619322871293,0.0090807528361931417,0.025252196558091751,1888.9408489505161,0.043732551981232562,0.00035557819846627109,0.0003129780397048574,0.039050792378525719,130.08173216507905,0.19887858444752299,0.02215512540708673,0.014892634982758095,0.17105499585023595,3560.8929278898313,0.0095364592803354273,0.016759734633450825,0.013992669449112762,0.0091218034702469138
3.6041666666667123,0.0052083333333333044,candidate_c,0.01517910377367114,8.4369398563286763e-05,1.1232552559190982,0.097266814849309657,0.22995172968772079,0,8000.0000000030732,0.0091007823431394456,0.0097789851316025383,0.0085597718489573982,0.0080722632895479443,0.067816840277778068,0.13033880542767784,0.0023574492526992658,0.0019295945123174068,0.11650089876187812,4.0441442418985805,0.20982260201716621,0.029569189121518423,0.019666156026685738,0.1801849514895684,2098.4700520836418,0.0074295070073809059,0.015497940143818523,0.013086813778375317,0.0072573768294979272,13314.838552964584,0.029884194106157655,0.010885567240683026,0.0090639702140617295,0.026314167385495722,1731.6906687115284,0.046187163575635459,0.0004024586933562947,0.00034194813003933896,0.041682520004069322,128.48614411381192,0.20659896559199836,0.022624528405702438,0.014975854330259167,0.17878031382787474,3561.1177583286976,0.010127237178861744,0.016769396124001613,0.013839419772981107,0.0097372043348410639
3.7031250000000484,0.0052083333333333044,candidate_c,0.016079262329110701,8.9733438064149831e-05,1.123255875928814,0.10118243795801549,0.238093101731362,0,8000.0000000030732,0.0095010868444594491,0.0097858989292624234,0.0085015448626035005,0.008464741488698798,0.067816840277778068,0.13523386253003786,0.0025624729433655251,0.0020161719069927515,0.12201034624860316,4.0441442418985805,0.21738755384042685,0.029971855826259806,0.019704755047112815,0.18753595032257184,2098.4700520836418,0.0078665633779408592,0.015506495790117251,0.012956548463927171,0.0077184783447291419,13171.426890593091,0.030832407148486264,0.010960676243210087,0.0090451035483815421,0.027322496708689123,1589.8787231385481,0.048616956130856884,0.00045276261504182422,0.00037098152240785264,0.044333068163255121,126.93900299994061,0.2139900707444341,0.023064241199222301,0.015055454420330204,0.1862212360693179,3561.3338821373968,0.010708707526265277,0.016778218027017615,0.013691411297034377,0.010338909954454648
3.8020833333333846,0.0052083333333333044,candidate_c,0.017099097511106935,9.564021928735432e-05,1.1232565227897569,0.10513750409206381,0.24628507047800208,0,8000.0000000030732,0.0099102126248349805,0.0097926267791096817,0.0084422696781788938,0.0088648817312780796,0.067816840277778068,0.14013297330889601,0.002780481906396189,0.002098263329853078,0.12764028198225549,4.0441442418985805,0.22501212043653773,0.030358557295680821,0.019747604783550705,0.19496486963777906,2098.4700520836418,0.0083196127396603994,0.015514927678658577,0.012823358156427444,0.0081933506936377742,13035.773860596666,0.031770043312074919,0.011032622639237898,0.0090233485963580606,0.028327856243559109,1455.8641627583991,0.051141757116112491,0.000509137017600202,0.00040133756861265716,0.047136395421185938,125.36437159129004,0.221423670080451,0.023495419227566802,0.015136088162154143,0.19375095392532218,3561.5521333366069,0.011310233663996543,0.016786572375855582,0.013541363981477142,0.010957094390722424
3.9010416666667207,0.0052083333333333044,candidate_c,0.018267059512641452,0.00010213912644833346,1.1232571975626817,0.10912679799709314,0.25451940092391323,0,8000.0000000030732,0.010328038485496642,0.009799114937836452,0.0083820396856029242,0.0092724402602681333,0.067816840277778068,0.14501816703154571,0.0030105794032900678,0.0021748742584543263,0.13338165711874764,4.0441442418985805,0.23268509485312344,0.030727000082978732,0.01979550392712643,0.2024622073478152,2098.4700520836418,0.008788991516362428,0.015523157551485039,0.0126874500203236,0.0086819254866148977,12908.158000592714,0.03269498120479046,0.011100964703827374,0.0089987241432021928,0.029327847499384073,1329.9228028626126,0.053758232029497109,0.00057199034640404421,0.00043283141426149794,0.050097822182444247,123.76546520620097,0.22888618834394517,0.023915530049690503,0.015218330952423708,0.20135788906144819,3561.7721175846132,0.011932107866415726,0.016794333808979614,0.013389615081454011,0.011591557243762037
4.0000000000000568,0.0052083333333333044,candidate_c,0.019620547883476457,0.00010928238460815439,1.123257901347489,0.11314379060318058,0.26277750275416234,0,8000.0000000030732,0.01075441432435726,0.0098053078170104429,0.0083209548624356734,0.0096871452453533707,0.067816840277778068,0.14987021333924694,0.0032515374116568367,0.0022451079229387203,0.1392233260197932,4.0441442418985805,0.2403943299969114,0.031074913634337363,0.019849269273705408,0.21001755972796091,2098.4700520836418,0.0092750078532499655,0.015531101322600797,0.012549051818303156,0.0091841044607543186,12788.731317563539,0.033605334221056882,0.011165307602638178,0.0089713073348150277,0.030320067073467072,1212.2037150755625,0.056461666271911071,0.00064167656352606629,0.00046523973946258833,0.053221383226037908,122.14570842215164,0.23636311291727605,0.024321962308721315,0.015302822953789784,0.20902922747220157,3561.9933811416695,0.012574574853222508,0.016801370467995382,0.013236524103896783,0.012242053328980023
4.1041666666667176,0.0052083333333333044,candidate_c,0.021298757052820749,0.00011755821055245992,1.1232586747745827,0.11739364527674689,0.27148148441632691,0,8000.0000000030732,0.011212270318001828,0.0098114449516193639,0.0082558489395961714,0.010131068036747994,0.067816840277778068,0.15492113490030543,0.0035151775325939555,0.0023112822758169517,0.1454663632375941,4.0441442418985805,0.24853413785111336,0.031416513940318344,0.019913099840879071,0.21802083156244392,2098.4700520836418,0.0098048824862183685,0.015539055563401065,0.012400954090608179,0.0097272689726083817,12671.897832285005,0.034546266614972718,0.011228341215237445,0.008939580671356492,0.031353551946914131,1097.2000110636568,0.059396000503614529,0.0007227157329591314,0.00050005327997560865,0.056687508357087739,120.42214755780074,0.24423203389951045,0.024732078264485754,0.015394952671850551,0.21715847598835097,3562.2271046505557,0.013273315355531253,0.016807843139040726,0.013074346466842144,0.012943787649084585
4.2031250000000453,0.0052083333333333044,candidate_c,0.02319700391651237,0.00012619964217225145,1.1232594417508186,0.12144337382184166,0.2797433039409854,0,8000.0000000030732,0.011655602322237786,0.0098168520414821207,0.0081933516406969709,0.010559475517860427,0.067816840277778068,0.1596446672809862,0.0037731225035151556,0.0023660863428494518,0.1514707031918133,4.0441442418985805,0.25627599619456837,0.031715389829468969,0.01998144363830932,0.22565903412845964,2098.4700520836418,0.010325885456407582,0.015546125809894068,0.012258253032461024,0.010256935338342023,12569.249553648704,0.035422300450709272,0.011283466312194035,0.0089069200257675986,0.032322628729295907,996.31727723431868,0.062260386677736958,0.00080718650558598485,0.00053347935658583422,0.060150936211630882,118.77107652709265,0.25168890568901997,0.025102058605640753,0.015486265559559183,0.22491684813421409,3562.449309204625,0.013958605776693949,0.016812955542133107,0.012919726052255626,0.013626236197701699
4.302083333333373,0.0052083333333333044,candidate_c,0.025465717352330896,0.00013566314510852386,1.1232602413988126,0.12549689024661467,0.28798051376310979,0,8000.0000000030732,0.012106845834046595,0.0098217872776902686,0.0081303477930073521,0.010994034370977828,0.067816840277778068,0.16427254743452968,0.0040360501719571675,0.0024125081702420096,0.15752899277168048,4.0441442418985805,0.26401165825099449,0.031987181754688558,0.020058057902487159,0.23331829531270454,2098.4700520836418,0.010864275352250676,0.015552621076219856,0.012113900286823154,0.010799717097536335,12474.534459258808,0.036279763243684197,0.011333729648869246,0.0088720574043761481,0.033277128606844418,903.39078611455932,0.065190317301105971,0.00089900036673440636,0.00056691733291061748,0.063780130345469491,117.11063125506564,0.25911008698403737,0.025450188974632318,0.01558202139198642,0.23269334375387629,3562.6710180476875,0.014664924596288582,0.01681690875942056,0.012765009943249013,0.014323694091392954
4.4010416666667007,0.0052083333333333044,candidate_c,0.028189385204958319,0.0001460146759964982,1.1232610750377572,0.12954563782924028,0.2961759898614606,0,8000.0000000030732,0.012565733074011766,0.009826192282225631,0.0080669656227731496,0.011434368454202631,0.067816840277778068,0.16878157049181164,0.0043013614646306942,0.0024502021829254086,0.16362157061038102,4.0441442418985805,0.27172562227124913,0.03222995010457378,0.020143626435493413,0.24098498676575891,2098.4700520836418,0.011420226883119325,0.015558438151100662,0.011968220952126293,0.011355392201448924,12387.46885130705,0.03711778595597872,0.011378968028325324,0.0088352902115088998,0.034215034816032844,818.1332999053293,0.068175661585173311,0.00099806201562980439,0.00060002378910108199,0.067572823322432723,115.44479631056049,0.26647760713335267,0.02577384381726093,0.0156829448274316,0.24047072073290199,3562.8915152536993,0.015392303401850776,0.01681955374943583,0.012610657274834951,0.015035738114201783
4.5000000000000284,0.0052083333333333044,candidate_c,0.031460745711196531,0.00015732563404764524,1.1232619440516969,0.13358065449111531,0.30431185692987922,0,8000.0000000030732,0.013031968008676648,0.0098300093000534185,0.0080033398912585374,0.011880079454625414,0.067816840277778068,0.17314862476375537,0.0045661646047781964,0.002479021930571459,0.16972656904245931,4.0441442418985805,0.27940172087878512,0.032441902368838621,0.020238749257488715,0.24864484814565277,2098.4700520836418,0.011993876457359071,0.015563470664511322,0.011821566022557144,0.011923708374349761,12307.697570693123,0.037935730154938799,0.011419073962770013,0.0087969552224684538,0.035134464281020683,740.18604885260061,0.071205141407281486,0.0011041136799956662,0.00063245386571176188,0.071524968875181907,113.77760972584517,0.27377304893889542,0.026070489525422267,0.015789722672746156,0.24823091344677223,3563.1100157656592,0.016140715670647905,0.016820740100111739,0.012457152034747574,0.015761903365707545
4.6041666666666892,0.0052083333333333044,candidate_c,0.035601134271006023,0.00017035428488771783,1.1232628986135766,0.13780300832002237,0.31279294215179093,0,8000.0000000030732,0.013530323855720302,0.0098333296908497906,0.0079362578846195967,0.012354597366740938,0.067816840277778068,0.17756740713254832,0.0048408995087598885,0.002499861758284698,0.17614008885361887,4.0441442418985805,0.28742248408828741,0.032629941972373962,0.020349742549225808,0.25668419670372472,2098.4700520836418,0.01261694314115496,0.015567800471885657,0.011666555117919686,0.012535282205652219,12231.160822653565,0.038774643772297661,0.011455683521549322,0.0087553128119834105,0.036080427567134789,665.5825101232117,0.074429035165056362,0.0012228171004678027,0.00066549936881976938,0.075851011419292402,112.02567121995982,0.2813539123747355,0.026350935500531678,0.015909126675997715,0.25636037537878259,3563.3369183318828,0.016951144941023937,0.016820247160662546,0.012297044014283245,0.016540987729852623
4.7031250000000169,0.0052083333333333044,candidate_c,0.040291352682334622,0.0001838874030489404,1.1232638448504142,0.14178051033837477,0.32075043964580013,0,8000.0000000030732,0.014010599542322227,0.0098357638456651308,0.0078725825211268911,0.012810013826506476,0.067816840277778068,0.18157234453919585,0.0050946076845391547,0.0025109822792278441,0.18219402850613137,4.0441442418985805,0.29496782266377503,0.032773788628951459,0.020465882793348846,0.26428314982883594,2098.4700520836418,0.013227175159354676,0.015570878213827752,0.011519115930787693,0.013128631002414898,12165.055360882292,0.039550434959214321,0.011485121872044935,0.0087149323384696584,0.036956715093028406,601.32231244611773,0.077511877589824446,0.0013416432504633378,0.00069555041388649503,0.080110495506299881,110.36837933981724,0.28844218023806806,0.026584825759916855,0.016029761178549526,0.26402605820537756,3563.5485643747047,0.017742389667128402,0.016817967056985156,0.012146904683485043,0.017294514082665025
4.8020833333333446,0.0052083333333333044,candidate_c,0.045796575152924311,0.00019864231811668475,1.1232648310940074,0.14571525603299934,0.3285930076204796,0,8000.0000000030732,0.014497156531539325,0.0098374421896018412,0.0078091155929784339,0.013269475054115947,0.067816840277778068,0.18536591542067909,0.0053376954572357943,0.0025142408257107416,0.1881822720758439,4.0441442418985805,0.30242280938872218,0.03288252653612618,0.020592645748718535,0.27182877270319855,2098.4700520836418,0.013855266087483742,0.015572831737493544,0.011371949549170288,0.013733670941550709,12104.928627318239,0.040305484530477075,0.011509379522379884,0.0086741580271083307,0.037809808196014177,543.0456676048932,0.080599843997938264,0.0014655228251938479,0.00072404996670946491,0.084506165108585579,108.72198705358895,0.29540036846348428,0.026784994496274785,0.016157808303238184,0.27161598612688226,3563.7553834597043,0.018554205617490882,0.016813769843207454,0.011999252117673163,0.018060501341671711
4.9010416666666723,0.0052083333333333044,candidate_c,0.052167520545633082,0.00021472021912121234,1.1232658590085625,0.14959742589415878,0.33630201483490346,0,8000.0000000030732,0.014989597859873111,0.0098383139999187481,0.0077460177537619235,0.013732514557972851,0.067816840277778068,0.18892660987066309,0.00556667207516742,0.0025104599998751155,0.19407610536593967,4.0441442418985805,0.30976969232510265,0.032955210979164193,0.020730038426720804,0.27930523656079337,2098.4700520836418,0.014501182907631926,0.015573546576709337,0.011225527459764753,0.014350035199646848,12050.337638738745,0.041039893928129602,0.011528508172959934,0.008633389562295429,0.038638534586238879,490.30606100759888,0.083678104094834657,0.0015934064799040335,0.00075082391417755859,0.089026076446228203,107.0903539184267,0.30220950699365784,0.026949720648439947,0.016293493919018815,0.27911046259342431,3563.9563065206844,0.019386316004276354,0.01680750866941183,0.011854677313276531,0.018838333231318255
5,0.0052083333333333044,candidate_c,0.059419020569981322,0.00023222739923413124,1.1232669303451512,0.15341718373389218,0.34385997750113495,0,8000.0000000030732,0.015487505895377666,0.0098383313537695558,0.0076834553515411795,0.014198655373250883,0.067816840277778068,0.19223514114571541,0.0057781088918280737,0.002500668562650779,0.199845986743687,4.0441442418985805,0.31699065467983351,0.032991155284647591,0.020877863678894455,0.28669662794514239,2098.4700520836418,0.015164848325886821,0.015572907696078308,0.01108035381563888,0.014977331727093734,12000.85657181816,0.041753941004388055,0.011542582844698437,0.0085930204708241399,0.039441943625936352,442.67424261795776,0.086731009196186842,0.0017240223576528901,0.00077576894788612466,0.093655581304468313,105.47720430887213,0.3088509636114285,0.02707758234456609,0.016436856957883484,0.28648987360229522,3564.150194819581,0.020238381239149224,0.016799040107164626,0.011713797018757525,0.019627361909300246
