axis_tau,coordinate_time_N128,coordinate_time_N256,coordinate_time_N512,field,N128,N256,N512,difference_128_256,difference_256_512,observed_order,monotone_decreasing_with_resolution
0.0,0.0,0.0,0.0,C-norm2,0.0006854074319407438,2.9331766164378906e-06,1.8386809373981325e-08,0.0006824742553243058,2.9147898070639095e-06,7.871238963930816,True
0.0,0.0,0.0,0.0,H-norm2,0.0006818808093213485,2.918561975175879e-06,1.8328859507076853e-08,0.0006789622473461726,2.900233115668802e-06,7.871018681424402,True
0.0,0.0,0.0,0.0,M-norm2,0.0,0.0,0.0,0.0,0.0,,True
0.0,0.0,0.0,0.0,Z-norm2,8.816556548488162e-07,3.653660315503079e-09,1.4487466726118349e-11,8.780019945333132e-07,3.6391728487769606e-09,7.914469830779679,True
0.125,0.20296274782465737,0.2029627478344473,0.2029627478432296,C-norm2,0.0011133842745506067,6.668177383965282e-06,1.9105729221679635e-06,0.0011067160971666415,4.757604461797319e-06,7.861834129833902,True
0.125,0.20296274782465737,0.2029627478344473,0.2029627478432296,H-norm2,0.0007730293365158932,4.6410791914698965e-06,1.3643124118003822e-06,0.0007683882573244233,3.2767667796695143e-06,7.873418667092981,True
0.125,0.20296274782465737,0.2029627478344473,0.2029627478432296,M-norm2,0.0002829484111183552,1.755057330185237e-06,5.082676990488236e-07,0.00028119335378817,1.2467896311364132e-06,7.817200623404578,True
0.125,0.20296274782465737,0.2029627478344473,0.2029627478432296,Z-norm2,1.2930158927560528e-05,6.19212257463316e-08,9.444752208964985e-09,1.2868237701814196e-05,5.247647353736661e-08,7.937928002536052,True
0.25,0.4059254776060779,0.4059254776937283,0.4059254777693208,C-norm2,0.0032281440564772544,1.8376015015090386e-05,4.072444524449715e-06,0.003209768041462164,1.4303570490640671e-05,7.809949911580376,True
0.25,0.4059254776060779,0.4059254776937283,0.4059254777693208,H-norm2,0.001154956484637294,7.555156043567468e-06,2.723588910894305e-06,0.0011474013285937266,4.831567132673164e-06,7.8916631710386165,True
0.25,0.4059254776060779,0.4059254776937283,0.4059254777693208,M-norm2,0.0016333013407643952,8.687945325226406e-06,1.0536096305223203e-06,0.0016246133954391688,7.634335694704085e-06,7.733378103971395,True
0.25,0.4059254776060779,0.4059254776937283,0.4059254777693208,Z-norm2,0.00010640384094732076,5.17933913319905e-07,7.353885189305788e-08,0.00010588590703400085,4.443950614268471e-07,7.896452086055726,True
0.5,0.8118504055316131,0.8118504057268486,0.8118504062261142,C-norm2,0.004652150702317684,3.171042856947646e-05,9.76331773469222e-06,0.004620440273748207,2.1947110834784244e-05,7.717855487117348,True
0.5,0.8118504055316131,0.8118504057268486,0.8118504062261142,H-norm2,0.0005260139444330753,8.522793192220787e-06,5.4170326669171365e-06,0.0005174911512408546,3.10576052530365e-06,7.380443790783438,True
0.5,0.8118504055316131,0.8118504057268486,0.8118504062261142,M-norm2,0.003538558618469342,1.8249862347692363e-05,2.091819029467804e-06,0.0035203087561216494,1.615804331822456e-05,7.767305655394171,True
0.5,0.8118504055316131,0.8118504057268486,0.8118504062261142,Z-norm2,0.00014080572751322033,1.2036836671535052e-06,5.618922002209645e-07,0.00013960204384606682,6.417914669325407e-07,7.764999740059925,True
0.75,1.2177721757572182,1.2177721840041595,1.2177721871076037,C-norm2,0.0031431045174001295,3.636763927238348e-05,1.867028020002399e-05,0.003106736878127746,1.7697359072359493e-05,7.455722161837093,True
0.75,1.2177721757572182,1.2177721840041595,1.2177721871076037,H-norm2,0.001381986402503375,1.6414472267207467e-05,8.188637437726508e-06,0.0013655719302361675,8.225834829480959e-06,7.375127489834237,True
0.75,1.2177721757572182,1.2177721840041595,1.2177721871076037,M-norm2,0.0010775669009790566,8.958793026490438e-06,3.0451196833988274e-06,0.0010686081079525661,5.91367334309161e-06,7.4974625985752885,True
0.75,1.2177721757572182,1.2177721840041595,1.2177721871076037,Z-norm2,0.0001620295329682624,2.6961937803511913e-06,1.8538092879534062e-06,0.0001593333391879112,8.423844923977851e-07,7.563353577372771,True
1.0,1.6236842927512676,1.6236842882344453,1.6236842922994605,C-norm2,0.004051288820499283,5.589897483231374e-05,3.25168061582273e-05,0.00399538984566697,2.3382168674086438e-05,7.416783724461534,True
1.0,1.6236842927512676,1.6236842882344453,1.6236842922994605,H-norm2,0.0019175251536381738,2.2411455122673756e-05,1.1090949179468719e-05,0.0018951136985155001,1.1320505943205037e-05,7.387202158697605,True
1.0,1.6236842927512676,1.6236842882344453,1.6236842922994605,M-norm2,0.001465780877974213,1.1980922459658135e-05,4.081298230658302e-06,0.0014537999555145548,7.899624228999833e-06,7.523829022641172,True
1.0,1.6236842927512676,1.6236842882344453,1.6236842922994605,Z-norm2,0.00015517052476200278,5.301251184132189e-06,4.324532121637586e-06,0.0001498692735778706,9.76719062494603e-07,7.261545260902406,True
1.25,2.0295746049267973,2.0295746382659248,2.029574652759722,C-norm2,0.0044757091121558614,7.912850622517698e-05,5.294666926792404e-05,0.004396580605930685,2.618183695725294e-05,7.39167178631686,True
1.25,2.0295746049267973,2.0295746382659248,2.029574652759722,H-norm2,0.002209932557851842,2.6930167220435193e-05,1.422906003984523e-05,0.002183002390631407,1.2701107180589962e-05,7.425215634962065,True
1.25,2.0295746049267973,2.0295746382659248,2.029574652759722,M-norm2,0.0014399046403952484,1.2868496414561688e-05,5.193046857751945e-06,0.0014270361439806868,7.675449556809744e-06,7.538554907844912,True
1.25,2.0295746049267973,2.0295746382659248,2.029574652759722,Z-norm2,0.00019394351881307583,9.7412867374311e-06,8.36044927796717e-06,0.00018420223207564474,1.3808374594639301e-06,7.05960322550548,True
2.0,3.246929130998834,3.2469313838932132,3.246931500521423,C-norm2,0.0037922913672684085,0.00020847470776808876,0.00017332462819629415,0.00358381665950032,3.5150079571794616e-05,6.671825068588013,True
2.0,3.246929130998834,3.2469313838932132,3.246931500521423,H-norm2,0.002008787292189779,3.8547909951994914e-05,2.6170074929838374e-05,0.0019702393822377843,1.237783502215654e-05,7.314468117959977,True
2.0,3.246929130998834,3.2469313838932132,3.246931500521423,M-norm2,0.0009946496924504462,1.4946387132873161e-05,9.490615552701857e-06,0.000979703305317573,5.455771580171304e-06,7.488417853906942,True
2.0,3.246929130998834,3.2469313838932132,3.246931500521423,Z-norm2,0.00016898389707686038,3.8416807934357626e-05,3.4351880414502685e-05,0.00013056708914250276,4.064927519854941e-06,5.005417857082826,True
3.0,4.870037041942558,4.870038103710076,4.870036426146619,C-norm2,0.004966624916994824,0.0006979006095673802,0.0005660043860301564,0.0042687243074274435,0.00013189622353722383,5.016329827205986,True
3.0,4.870037041942558,4.870038103710076,4.870036426146619,H-norm2,0.002257033367829565,7.068194069036558e-05,5.240699730248607e-05,0.0021863514271391995,1.8274943387879508e-05,6.902514566608587,True
3.0,4.870037041942558,4.870038103710076,4.870036426146619,M-norm2,0.0008110136330611959,2.8193148141180783e-05,1.8565418576320275e-05,0.0007828204849200151,9.627729564860508e-06,6.345342080568556,True
3.0,4.870037041942558,4.870038103710076,4.870036426146619,Z-norm2,0.0002882124001620018,0.00014637077758280337,0.00012346431649956866,0.00014184162257919845,2.2906461083234717e-05,2.630454452102559,True
