2026/08/24 19:44:08.674, 0, NVIDIA A100-PCIE-40GB, 40960, 5815, 34626
2026/08/24 19:44:09.675, 0, NVIDIA A100-PCIE-40GB, 40960, 5815, 34626
2026/08/24 19:44:10.675, 0, NVIDIA A100-PCIE-40GB, 40960, 5815, 34626
2026/08/24 19:44:11.675, 0, NVIDIA A100-PCIE-40GB, 40960, 5815, 34626
2026/08/24 19:44:12.675, 0, NVIDIA A100-PCIE-40GB, 40960, 5815, 34626
2026/08/24 19:44:13.676, 0, NVIDIA A100-PCIE-40GB, 40960, 5815, 34626
2026/08/24 19:44:14.676, 0, NVIDIA A100-PCIE-40GB, 40960, 5815, 34626
2026/08/24 19:44:15.676, 0, NVIDIA A100-PCIE-40GB, 40960, 5815, 34626
2026/08/24 19:44:16.677, 0, NVIDIA A100-PCIE-40GB, 40960, 5815, 34626
2026/08/24 19:44:17.678, 0, NVIDIA A100-PCIE-40GB, 40960, 5815, 34626
2026/08/24 19:44:18.679, 0, NVIDIA A100-PCIE-40GB, 40960, 5815, 34626
2026/08/24 19:44:19.679, 0, NVIDIA A100-PCIE-40GB, 40960, 5815, 34626
2026/08/24 19:44:20.679, 0, NVIDIA A100-PCIE-40GB, 40960, 5815, 34626
2026/08/24 19:44:21.680, 0, NVIDIA A100-PCIE-40GB, 40960, 5815, 34626
2026/08/24 19:44:22.680, 0, NVIDIA A100-PCIE-40GB, 40960, 5815, 34626
2026/08/24 19:44:23.680, 0, NVIDIA A100-PCIE-40GB, 40960, 5815, 34626
2026/08/24 19:44:24.681, 0, NVIDIA A100-PCIE-40GB, 40960, 5815, 34626
2026/08/24 19:44:25.681, 0, NVIDIA A100-PCIE-40GB, 40960, 5815, 34626
2026/08/24 19:44:26.681, 0, NVIDIA A100-PCIE-40GB, 40960, 5815, 34626
2026/08/24 19:44:27.681, 0, NVIDIA A100-PCIE-40GB, 40960, 5815, 34626
2026/08/24 19:44:28.683, 0, NVIDIA A100-PCIE-40GB, 40960, 5815, 34626
2026/08/24 19:44:29.683, 0, NVIDIA A100-PCIE-40GB, 40960, 5815, 34626
2026/08/24 19:44:30.683, 0, NVIDIA A100-PCIE-40GB, 40960, 5815, 34626
2026/08/24 19:44:31.684, 0, NVIDIA A100-PCIE-40GB, 40960, 5815, 34626
2026/08/24 19:44:32.684, 0, NVIDIA A100-PCIE-40GB, 40960, 5815, 34626
2026/08/24 19:44:33.684, 0, NVIDIA A100-PCIE-40GB, 40960, 5815, 34626
2026/08/24 19:44:34.685, 0, NVIDIA A100-PCIE-40GB, 40960, 5815, 34626
2026/08/24 19:44:35.685, 0, NVIDIA A100-PCIE-40GB, 40960, 5815, 34626
2026/08/24 19:44:36.685, 0, NVIDIA A100-PCIE-40GB, 40960, 5815, 34626
2026/08/24 19:44:37.686, 0, NVIDIA A100-PCIE-40GB, 40960, 5815, 34626
2026/08/24 19:44:38.686, 0, NVIDIA A100-PCIE-40GB, 40960, 5815, 34626
2026/08/24 19:44:39.686, 0, NVIDIA A100-PCIE-40GB, 40960, 5815, 34626
2026/08/24 19:44:40.686, 0, NVIDIA A100-PCIE-40GB, 40960, 5815, 34626
2026/08/24 19:44:41.687, 0, NVIDIA A100-PCIE-40GB, 40960, 5815, 34626
2026/08/24 19:44:42.687, 0, NVIDIA A100-PCIE-40GB, 40960, 5815, 34626
2026/08/24 19:44:43.687, 0, NVIDIA A100-PCIE-40GB, 40960, 5815, 34626
