gid,i,j,rho,z,axis_distance,block_edge_distance,coarse_fine_interface_distance,delta_C,delta_H,delta_M,delta_Z
30,8,31,5.1328125,-0.0078125,5.1328125,0.0078125,0.1328125,147.45580333159432,8.274720193449092,66.81149232186186,0.0005981851370825729
51,8,0,5.1328125,0.0078125,5.1328125,0.0078125,0.1328125,147.1861840316202,8.281966975184975,66.30245474730249,0.0006340615088131331
30,6,30,5.1015625,-0.0234375,5.1015625,0.0234375,0.1015625,116.92629114187172,-6.860412643526347,75.64906334261319,0.0021484400847080216
51,6,1,5.1015625,0.0234375,5.1015625,0.0234375,0.1015625,116.19687409556416,-6.842765483018151,75.28749964541421,0.0020773961256879813
30,4,31,5.0703125,-0.0078125,5.0703125,0.0078125,0.0703125,106.73295969958791,-1.077067479175893,105.40995592307898,0.0016564476733086954
51,4,0,5.0703125,0.0078125,5.0703125,0.0078125,0.0703125,106.55717841863269,-1.0756361536411194,105.20188545324457,0.0016555348720578953
30,7,31,5.1171875,-0.0078125,5.1171875,0.0078125,0.1171875,103.04343128763963,7.049155349994627,41.58111167347606,-0.006103953794907616
51,7,0,5.1171875,0.0078125,5.1171875,0.0078125,0.1171875,102.79637383276766,7.059674540517327,40.93149649807983,-0.006052093020028556
30,9,30,5.1484375,-0.0234375,5.1484375,0.0234375,0.1484375,98.72354786699209,-2.856390601402503,91.95364131327649,-0.0012640558099972737
51,9,1,5.1484375,0.0234375,5.1484375,0.0234375,0.1484375,98.63689692267721,-2.8467487084519907,91.90410114060224,-0.0012982778395729173
30,7,28,5.1171875,-0.0546875,5.1171875,0.0546875,0.1171875,82.75098768551904,3.0797523754970517,79.04507798345288,0.0021407515810049995
51,7,3,5.1171875,0.0546875,5.1171875,0.0546875,0.1171875,81.5697564153339,3.0769073668989098,77.9218828639208,0.0021339623636701284
51,9,0,5.1484375,0.0078125,5.1484375,0.0078125,0.1484375,67.68303441801312,-2.658795286621471,62.431316200835525,0.002563306351961057
30,9,31,5.1484375,-0.0078125,5.1484375,0.0078125,0.1484375,67.15882443955377,-2.673472481925525,61.85116917818434,0.0025570121697472605
51,5,1,5.0859375,0.0234375,5.0859375,0.0234375,0.0859375,65.61625916345977,-0.3467026031290551,65.72143474212984,0.0005707932274505202
30,5,30,5.0859375,-0.0234375,5.0859375,0.0234375,0.0859375,65.57464268795064,-0.3399624404815379,65.68338736750457,0.0005975311391966569
30,7,30,5.1171875,-0.0234375,5.1171875,0.0234375,0.1171875,59.203662317531595,-7.958571509974367,4.101752640576066,0.009319384100424342
51,7,1,5.1171875,0.0234375,5.1171875,0.0234375,0.1171875,58.45633405204475,-7.945067316632906,3.783393208921476,0.00920544502605742
30,10,30,5.1640625,-0.0234375,5.1640625,0.0234375,0.1640625,51.63157660724693,1.81693434404667,49.24349224157357,-0.001062915671852119
51,10,1,5.1640625,0.0234375,5.1640625,0.0234375,0.1640625,51.52891387597883,1.810601767233644,49.19857708622443,-0.0010678450590759308
30,11,31,5.1796875,-0.0078125,5.1796875,0.0078125,0.1796875,49.62452704423549,0.26148228037952526,49.68745749548376,0.0006027518192148983
51,11,0,5.1796875,0.0078125,5.1796875,0.0078125,0.1796875,49.34748958007343,0.2620474652193508,49.41467708991703,0.000603169092261059
30,6,29,5.1015625,-0.0390625,5.1015625,0.0390625,0.1015625,49.04239226396002,0.21439689916700633,49.67522967631673,0.0020304369759476695
51,6,2,5.1015625,0.0390625,5.1015625,0.0390625,0.1015625,48.369305631061955,0.20859852879895013,49.00881756248815,0.0019929708853150974
51,8,1,5.1328125,0.0234375,5.1328125,0.0234375,0.1328125,48.22005882973427,-4.722670794355804,30.376637347836088,0.007047693366896281
30,8,30,5.1328125,-0.0234375,5.1328125,0.0234375,0.1328125,47.81816149177995,-4.728446382025665,29.87487113663807,0.007140684074907354
30,8,28,5.1328125,-0.0546875,5.1328125,0.0546875,0.1328125,47.72312515545449,2.1822213001165904,46.296430724360754,0.0010105131443388453
51,8,3,5.1328125,0.0546875,5.1328125,0.0546875,0.1328125,46.93673512176175,2.1810600296108404,45.52835109472277,0.0010107483124802462
51,6,3,5.1015625,0.0546875,5.1015625,0.0546875,0.1015625,38.68783296507639,2.319264640948979,37.04300571521331,0.0013794783490487794
30,6,28,5.1015625,-0.0546875,5.1015625,0.0546875,0.1015625,38.57264167502003,2.3207887784613157,36.898651928965265,0.0013810680674279615
30,11,28,5.1796875,-0.0546875,5.1796875,0.0546875,0.1796875,34.131380464670734,-1.5654198651304982,32.80677551556311,-0.00018010339313062764
51,11,3,5.1796875,0.0546875,5.1796875,0.0546875,0.1796875,33.63418685677566,-1.5625746829018046,32.3231881466294,-0.00017976989539196617
30,7,29,5.1171875,-0.0390625,5.1171875,0.0390625,0.1171875,32.72313034818276,-2.0094488737863343,26.05905730707349,0.001986887048057519
51,7,2,5.1171875,0.0390625,5.1171875,0.0390625,0.1171875,32.48939831634568,-2.017461172240431,25.77773418893994,0.0019395991682046596
30,3,31,5.0546875,-0.0078125,5.0546875,0.0078125,0.0546875,31.48959364141622,-2.120476239042543,25.972407319415986,0.0002599260841344589
51,3,0,5.0546875,0.0078125,5.0546875,0.0078125,0.0546875,31.29784543134667,-2.11497372937937,25.79456921285866,0.0002583926408192794
30,11,29,5.1796875,-0.0390625,5.1796875,0.0390625,0.1796875,28.707301750940232,0.4433107222964654,28.234397473786295,0.00019384342781049126
51,11,2,5.1796875,0.0390625,5.1796875,0.0390625,0.1796875,28.409231370800352,0.44244388578205546,27.94097374886209,0.00019454940282871743
51,5,0,5.0859375,0.0078125,5.0859375,0.0078125,0.0859375,26.35084416936588,2.8396837795426553,16.88114973037138,0.0028994013215512624
30,5,31,5.0859375,-0.0078125,5.0859375,0.0078125,0.0859375,26.138608915982473,2.8374881193907595,16.62239209377939,0.0028935476434804406
30,8,26,5.1328125,-0.0859375,5.1328125,0.0859375,0.1328125,25.358800705076042,0.23021971969231586,25.069716396597645,-0.00017862201337438528
51,8,5,5.1328125,0.0859375,5.1328125,0.0859375,0.1328125,25.1105255624947,0.22816318418921114,24.82393710243939,-0.0001757518531168422
30,7,26,5.1171875,-0.0859375,5.1171875,0.0859375,0.1171875,24.11000294370087,-0.08585429754880394,23.97192387483378,-0.00023863660511087818
51,7,5,5.1171875,0.0859375,5.1171875,0.0859375,0.1171875,23.92499337611281,-0.08677379200965143,23.786222210111255,-0.00023512814944061657
30,4,28,5.0703125,-0.0546875,5.0703125,0.0546875,0.0703125,22.59453582541754,-1.1428110038434822,21.386476410463764,-0.0004590118216150507
30,11,27,5.1796875,-0.0703125,5.1796875,0.0703125,0.1796875,22.536788108508524,-0.09333805934554015,22.536740997499574,-4.9214591581365316e-05
51,10,0,5.1640625,0.0078125,5.1640625,0.0078125,0.1640625,22.34406612382074,-2.0075362602211633,17.29165101816367,0.001072033677955175
30,10,31,5.1640625,-0.0078125,5.1640625,0.0078125,0.1640625,22.267816837044062,-2.0118307991396858,17.234863041199826,0.0010728184541670858
51,11,4,5.1796875,0.0703125,5.1796875,0.0703125,0.1796875,22.26087338115972,-0.09434196227149746,22.26097526259099,-4.909443685247926e-05
51,4,3,5.0703125,0.0546875,5.0703125,0.0546875,0.0703125,22.192475173939595,-1.1393598385193913,21.00689918610433,-0.0004561883562570301
30,9,29,5.1484375,-0.0390625,5.1484375,0.0390625,0.1484375,22.082355084308865,1.8494137383497176,20.105004911756065,0.001886941306320999
30,4,27,5.0703125,-0.0703125,5.0703125,0.0703125,0.0703125,22.01503695388812,-0.381454278526388,21.895086399348877,-5.2952777949840225e-05
51,9,2,5.1484375,0.0390625,5.1484375,0.0390625,0.1484375,21.864295706411415,1.844063442704805,19.904460017565498,0.001859718941001011
51,4,4,5.0703125,0.0703125,5.0703125,0.0703125,0.0703125,21.724641046873053,-0.3821235106810594,21.604908851026543,-5.2568536378835474e-05
30,2,29,5.0390625,-0.0390625,5.0390625,0.0390625,0.0390625,20.668791308045805,0.4746392577668594,20.239761462351062,9.973809367052363e-05
51,2,2,5.0390625,0.0390625,5.0390625,0.0390625,0.0390625,20.52256565171659,0.47362812176091407,20.09558671141987,0.00010036733270473558
30,9,26,5.1484375,-0.0859375,5.1484375,0.0859375,0.1484375,20.327570637074274,0.1176880180629849,20.239269694591176,-9.024335696072339e-05
30,10,26,5.1640625,-0.0859375,5.1640625,0.0859375,0.1640625,20.29141138410897,0.6475597450828798,19.985475774102373,1.0189718921928404e-05
51,10,5,5.1640625,0.0859375,5.1640625,0.0859375,0.1640625,19.970457249363562,0.6467153313667516,19.6676143524639,1.0341153144822849e-05
51,9,5,5.1484375,0.0859375,5.1484375,0.0859375,0.1484375,19.95412721706321,0.11736324706498033,19.86664895972593,-8.860757534578663e-05
30,3,28,5.0546875,-0.0546875,5.0546875,0.0546875,0.0546875,19.428481322211578,-0.9477290135704073,19.043813644545665,-0.0001403250982866464
30,7,27,5.1171875,-0.0703125,5.1171875,0.0703125,0.1171875,19.42259019739228,-0.2743716792492905,19.471013326724155,0.0008564052121395439
30,2,30,5.0390625,-0.0234375,5.0390625,0.0234375,0.0390625,19.31327102131116,0.9377325851701096,18.73387329374347,8.521458775737794e-05
51,7,4,5.1171875,0.0703125,5.1171875,0.0703125,0.1171875,19.22602262645485,-0.273981035877954,19.273626718399182,0.0008478737658741492
51,2,1,5.0390625,0.0234375,5.0390625,0.0234375,0.0390625,19.191642748367016,0.9370787187545147,18.60918937366941,8.665440949129023e-05
51,3,3,5.0546875,0.0546875,5.0546875,0.0546875,0.0546875,19.182918128596413,-0.9465916209736187,18.802282463051846,-0.00014006145649359634
51,4,1,5.0703125,0.0234375,5.0703125,0.0234375,0.0703125,19.02943815494208,0.22635354624108311,18.929721561024618,0.0003092105089782098
30,4,30,5.0703125,-0.0234375,5.0703125,0.0234375,0.0703125,18.686202608584534,0.23430438953779975,18.583424808930637,0.0003203526055685828
30,4,26,5.0703125,-0.0859375,5.0703125,0.0703125,0.0703125,18.44294436145531,0.4733738772693328,18.22050203600467,2.166058199257758e-05
51,4,5,5.0703125,0.0859375,5.0703125,0.0703125,0.0703125,18.325012251861313,0.47269441857707895,18.104174489653733,2.1837068364399947e-05
30,10,28,5.1640625,-0.0546875,5.1640625,0.0546875,0.1640625,17.66547677753052,-1.1896521070339614,16.789847510350786,-0.00014719419699004828
51,10,3,5.1640625,0.0546875,5.1640625,0.0546875,0.1640625,17.606297134301272,-1.185254536983649,16.746558849167965,-0.00014520316563305496
30,6,27,5.1015625,-0.0703125,5.1015625,0.0703125,0.1015625,17.089296127764115,-0.980446409841898,16.03843762623057,0.0006310167556117911
51,6,4,5.1015625,0.0703125,5.1015625,0.0703125,0.1015625,16.96269725821396,-0.979034204296676,15.91275140194581,0.0006256007939752931
30,11,30,5.1796875,-0.0234375,5.1796875,0.0234375,0.1796875,16.80812325323533,1.5083009587863156,15.493880784829342,0.0004037730415916375
51,11,1,5.1796875,0.0234375,5.1796875,0.0234375,0.1796875,16.46751834852405,1.5023463798943522,15.196682751585069,0.0004038281490206178
30,12,28,5.1953125,-0.0546875,5.1953125,0.0546875,0.1953125,15.6540782398815,-0.37503867718107176,15.654868166997451,-5.5846256287031806e-05
51,12,3,5.1953125,0.0546875,5.1953125,0.0546875,0.1953125,15.48440560696692,-0.37603536295911144,15.48384351582904,-5.575326008383434e-05
30,9,27,5.1484375,-0.0703125,5.1484375,0.0703125,0.1484375,14.818651223035214,-0.9401247778267445,14.04210019277638,0.00017649822274320195
30,5,26,5.0859375,-0.0859375,5.0859375,0.0859375,0.0859375,14.634787583983838,0.5766972803058515,14.135347740848749,-6.867392121609505e-05
51,9,4,5.1484375,0.0703125,5.1484375,0.0703125,0.1484375,14.599589890933952,-0.9391117896836202,13.820692076969882,0.00017548069464067096
30,10,29,5.1640625,-0.0390625,5.1640625,0.0390625,0.1640625,14.38637639831166,2.7510140598708985,6.347419290023424,0.0004321506099383463
51,5,5,5.0859375,0.0859375,5.0859375,0.0859375,0.0859375,14.375260734288704,0.5752623356135627,13.879761356503218,-6.762779115544825e-05
51,10,2,5.1640625,0.0390625,5.1640625,0.0390625,0.1640625,14.19351992024353,2.745802065496136,6.18611735942502,0.0004263657427343862
30,8,27,5.1328125,-0.0703125,5.1328125,0.0703125,0.1328125,13.984689786653306,0.1738358189549819,14.12679709033622,0.0006107278997924398
51,8,4,5.1328125,0.0703125,5.1328125,0.0703125,0.1328125,13.757169884004398,0.1721526590808523,13.900121864014766,0.0006048283422166677
30,6,26,5.1015625,-0.0859375,5.1015625,0.0859375,0.1015625,13.60151789160183,-0.13433081294143004,13.49550164834517,-0.00021059168856322796
51,6,5,5.1015625,0.0859375,5.1015625,0.0859375,0.1015625,13.411910995236314,-0.1340855677049731,13.305234869734843,-0.00020774934949920732
30,3,26,5.0546875,-0.0859375,5.0546875,0.0546875,0.0546875,11.996610595288955,0.3826946821970316,11.96231590910967,2.1329248396857694e-05
51,3,5,5.0546875,0.0859375,5.0546875,0.0546875,0.0546875,11.959511459248699,0.382782341624506,11.923620221704033,2.1522098111269392e-05
30,12,31,5.1953125,-0.0078125,5.1953125,0.0078125,0.1953125,11.873952932298803,-1.0828133081704228,10.299913621936145,0.00012112420822821909
51,12,0,5.1953125,0.0078125,5.1953125,0.0078125,0.1953125,11.73203651031126,-1.0783412007139275,10.169235953334503,0.00012096756717953918
30,9,25,5.1484375,-0.1015625,5.1484375,0.1015625,0.1484375,11.444489344058995,-0.25119514130308485,11.381912217849516,-9.08950997664622e-06
51,9,6,5.1484375,0.1015625,5.1484375,0.1015625,0.1484375,11.337160470269524,-0.24999856943106394,11.274817510984139,-8.564779956298218e-06
30,11,26,5.1796875,-0.0859375,5.1796875,0.0859375,0.1796875,10.983407270910355,0.5426377063750631,10.85768978906167,4.294374980338107e-05
30,4,25,5.0703125,-0.1015625,5.0703125,0.0703125,0.0703125,10.964438256594843,-0.24837514549239081,10.893402467577001,1.638953691839988e-06
51,11,5,5.1796875,0.0859375,5.1796875,0.0859375,0.1796875,10.914913084426558,0.5417085555011435,10.791068041670274,4.262474443062432e-05
30,5,24,5.0859375,-0.1171875,5.0859375,0.0859375,0.0859375,10.913372046766098,0.019245760039418927,10.913692346805878,-8.590919960808488e-06
51,4,6,5.0703125,0.1015625,5.0703125,0.0703125,0.0703125,10.905804665480025,-0.24813268362668653,10.834777226942906,1.7468663408358094e-06
30,9,24,5.1484375,-0.1171875,5.1484375,0.1171875,0.1484375,10.894142869030773,-0.04207087469301176,10.885508514407682,-7.442522378246068e-06
51,5,7,5.0859375,0.1171875,5.0859375,0.0859375,0.0859375,10.823188078651096,0.019021201907297447,10.82350476678427,-8.883845173887822e-06
51,9,7,5.1484375,0.1171875,5.1484375,0.1171875,0.1484375,10.782973313390732,-0.04194990335649505,10.774544177256116,-7.84192303592631e-06
51,4,2,5.0703125,0.0390625,5.0703125,0.0390625,0.0703125,9.96305423176675,1.176110038608899,8.385205232283063,0.0011486176655926253
30,4,29,5.0703125,-0.0390625,5.0703125,0.0390625,0.0703125,9.837310201980534,1.1779463419560479,8.265987040232378,0.0011552544888107645
51,5,3,5.0859375,0.0546875,5.0859375,0.0546875,0.0859375,9.579344260789474,0.24386137032367144,9.737171296021856,-6.677068426667234e-05
30,5,28,5.0859375,-0.0546875,5.0859375,0.0546875,0.0859375,9.321918686602713,0.24038593872288355,9.478145878234653,-7.0917219848685e-05
30,10,27,5.1640625,-0.0703125,5.1640625,0.0703125,0.1640625,8.579282204443462,-0.6859576964361626,8.12407273629529,-5.315588160987349e-05
51,10,4,5.1640625,0.0703125,5.1640625,0.0703125,0.1640625,8.468378107009297,-0.684854479771131,8.014081874577494,-5.242413312930847e-05
30,10,24,5.1640625,-0.1171875,5.1640625,0.1171875,0.1640625,7.963215665259763,0.026399781622321712,7.963381594818009,-3.023553776444407e-06
51,10,7,5.1640625,0.1171875,5.1640625,0.1171875,0.1640625,7.882345789456954,0.026153047868200836,7.882506478516864,-3.076051576524734e-06
30,13,29,5.2109375,-0.0390625,5.2109375,0.0390625,0.2109375,7.801203995577913,0.3527055160202912,7.623313448120463,2.479998107328986e-06
51,13,2,5.2109375,0.0390625,5.2109375,0.0390625,0.2109375,7.787751405060045,0.35218811277661444,7.610717033651544,2.3701940343556665e-06
30,3,27,5.0546875,-0.0703125,5.0546875,0.0546875,0.0546875,7.296020006248858,-0.3593437723231258,7.156356844910517,-5.236515669756161e-05
51,3,4,5.0546875,0.0703125,5.0546875,0.0546875,0.0546875,7.237380132350225,-0.35794199935268184,7.100213671576871,-5.2275272658230544e-05
30,8,25,5.1328125,-0.1015625,5.1328125,0.1015625,0.1328125,7.133282343591069,-0.19371166808203055,7.098026843746274,-9.472305007846542e-07
30,6,24,5.1015625,-0.1171875,5.1015625,0.1015625,0.1015625,7.093345374222423,-0.03612722837021902,7.087571395977789,-2.132885173908277e-05
51,8,6,5.1328125,0.1015625,5.1328125,0.1015625,0.1328125,7.067508009713703,-0.1924626458046276,7.032399039743002,-1.244627825898654e-07
51,6,7,5.1015625,0.1171875,5.1015625,0.1015625,0.1015625,7.0212830196459475,-0.03628084447021468,7.015681725838097,-2.181150569449503e-05
51,3,1,5.0546875,0.0234375,5.0546875,0.0234375,0.0546875,6.856523176837403,0.8420535506797504,6.40786900080518,-0.00014472794332746433
30,3,30,5.0546875,-0.0234375,5.0546875,0.0234375,0.0546875,6.740398263460946,0.8398369718351771,6.293413889334284,-0.00014260216068929133
30,13,30,5.2109375,-0.0234375,5.2109375,0.0234375,0.2109375,6.652775617280545,0.32780316186806097,6.538115907117324,-7.402346661300292e-05
51,13,1,5.2109375,0.0234375,5.2109375,0.0234375,0.2109375,6.646036510881719,0.32692070187830713,6.529151076987357,-7.411835489048503e-05
30,8,24,5.1328125,-0.1171875,5.1328125,0.1171875,0.1328125,6.63508773338054,0.002047603491337799,6.628332516871845,-1.1399954897232992e-05
51,8,2,5.1328125,0.0390625,5.1328125,0.0390625,0.1328125,6.610282764252616,-1.2757595338017738,3.5197107664547898,0.0025035773886423326
30,8,29,5.1328125,-0.0390625,5.1328125,0.0390625,0.1328125,6.609762738181342,-1.2695168651057716,3.5443860593272225,0.0025473753952979074
51,8,7,5.1328125,0.1171875,5.1328125,0.1171875,0.1328125,6.601058346014067,0.002093684989013772,6.5945792231279645,-1.1969719924841272e-05
30,3,29,5.0546875,-0.0390625,5.0546875,0.0390625,0.0546875,5.616774037286272,1.51226916521368,2.6058379601204575,0.00025642392047780973
51,3,2,5.0546875,0.0390625,5.0546875,0.0390625,0.0546875,5.5801616535292435,1.5095649790011345,2.5762143304724354,0.0002558778674731912
30,6,31,5.1015625,-0.0078125,5.1015625,0.0078125,0.1015625,5.509430931713192,0.7549426851900175,3.787674611462838,-0.002873041759053039
51,6,0,5.1015625,0.0078125,5.1015625,0.0078125,0.1015625,5.442599687740961,0.7708261989645554,3.6620414017455403,-0.002844775076826172
30,5,25,5.0859375,-0.1015625,5.0859375,0.0859375,0.0859375,5.221244504483448,-0.13938348782171178,5.1965906647883156,-4.6838030610406795e-06
51,5,6,5.0859375,0.1015625,5.0859375,0.0859375,0.0859375,5.173126344366567,-0.13873080146294642,5.1485828025068034,-4.2749442352942965e-06
51,2,4,5.0390625,0.0703125,5.0390625,0.0390625,0.0390625,4.999113008400805,-0.07059885803365208,5.020132629184295,-1.1947794350759626e-05
30,2,27,5.0390625,-0.0703125,5.0390625,0.0390625,0.0390625,4.992752404329116,-0.07046201357847531,5.0137029477234085,-1.171094473384916e-05
30,13,31,5.2109375,-0.0078125,5.2109375,0.0078125,0.2109375,4.66710171670259,0.1082565836438618,4.647041164357953,-7.100463354704912e-05
51,13,0,5.2109375,0.0078125,5.2109375,0.0078125,0.2109375,4.664372119683315,0.10716963671853777,4.642918117977643,-7.11230142151318e-05
30,10,25,5.1640625,-0.1015625,5.1640625,0.1015625,0.1640625,4.580031018620815,-0.039590023654384535,4.578415024740235,-1.872134869639147e-06
51,10,6,5.1640625,0.1015625,5.1640625,0.1015625,0.1640625,4.539093139927125,-0.039454982599518296,4.537393873905863,-1.8376018776984565e-06
30,11,25,5.1796875,-0.1015625,5.1796875,0.1015625,0.1796875,4.331412183974721,-0.10368822990246379,4.317884550460048,7.109644857761576e-06
51,11,6,5.1796875,0.1015625,5.1796875,0.1015625,0.1796875,4.3017802688928635,-0.10361556395983634,4.288178255476393,6.948405480434666e-06
30,5,27,5.0859375,-0.0703125,5.0859375,0.0703125,0.0859375,4.184471102758109,-0.27491426557242954,4.171891367466271,0.00018495501927010308
51,5,4,5.0859375,0.0703125,5.0859375,0.0703125,0.0859375,4.09655604909872,-0.27658346751570145,4.083437349611771,0.00018399139987553204
51,2,3,5.0390625,0.0546875,5.0390625,0.0390625,0.0390625,3.9989260747712168,-0.7716269117378092,3.856680622881061,-4.530605418718964e-05
30,2,28,5.0390625,-0.0546875,5.0390625,0.0390625,0.0390625,3.9966129766441756,-0.7724891515120924,3.85322582051976,-4.466425338550262e-05
30,6,25,5.1015625,-0.1015625,5.1015625,0.1015625,0.1015625,3.5655388623899533,-0.23475457914393724,3.503792943597747,2.823051168030218e-06
51,6,6,5.1015625,0.1015625,5.1015625,0.1015625,0.1015625,3.5244802083450355,-0.23308551360870697,3.463318221489651,3.549463501899516e-06
30,12,26,5.1953125,-0.0859375,5.1953125,0.0859375,0.1953125,3.48478192127592,0.09635840090045265,3.487272374183476,1.0731724091797341e-05
51,12,5,5.1953125,0.0859375,5.1953125,0.0859375,0.1953125,3.476197906164713,0.09673487963054209,3.478861225438706,1.0680107295466116e-05
30,4,24,5.0703125,-0.1171875,5.0703125,0.0703125,0.0703125,3.4013520480921144,-0.031509495662831614,3.3965426807229955,-2.535803223836139e-06
51,4,7,5.0703125,0.1171875,5.0703125,0.0703125,0.0703125,3.3970155984677133,-0.03145676308414044,3.3921492137208804,-2.677659450229095e-06
30,12,27,5.1953125,-0.0703125,5.1953125,0.0703125,0.1953125,3.201045972814675,0.00975816786643427,3.212633609645033,-1.4636448569452037e-05
51,12,4,5.1953125,0.0703125,5.1953125,0.0703125,0.1953125,3.175515030155893,0.009162741217170665,3.1869922355756968,-1.4620544608905721e-05
30,15,30,5.2421875,-0.0234375,5.2421875,0.0234375,0.2421875,2.9505199389705,-0.04081055090037436,2.9500895465889103,-8.669117651439709e-06
51,15,1,5.2421875,0.0234375,5.2421875,0.0234375,0.2421875,2.9209225098712785,-0.04007063575538309,2.920735395077604,-8.688889869527107e-06
51,1,1,5.0234375,0.0234375,5.0234375,0.0234375,0.0234375,2.6461302010569363,-0.21471171158384897,2.605159574213731,5.0223997901902716e-05
30,1,30,5.0234375,-0.0234375,5.0234375,0.0234375,0.0234375,2.635932328097908,-0.21532655300588033,2.593930594398892,4.9699266610702285e-05
30,7,25,5.1171875,-0.1015625,5.1171875,0.1015625,0.1171875,2.596543540633783,-0.21779053485458738,2.5465814066590737,1.0332381700216162e-05
30,12,29,5.1953125,-0.0390625,5.1953125,0.0390625,0.1953125,2.585134271303942,0.3015450353309324,2.3831992426530397,3.3428500068843226e-05
51,7,6,5.1171875,0.1015625,5.1171875,0.1015625,0.1171875,2.57805275539614,-0.21633488239201362,2.528421114172087,1.117893048836551e-05
51,12,2,5.1953125,0.0390625,5.1953125,0.0390625,0.1953125,2.5595663324667175,0.3013903231921816,2.3594341671551913,3.379442263354333e-05
30,5,29,5.0859375,-0.0390625,5.0859375,0.0390625,0.0859375,2.5339985269639804,1.580119332638943,0.964398428163771,0.0019118959896302092
51,5,2,5.0859375,0.0390625,5.0859375,0.0390625,0.0859375,2.4687975510602853,1.5772317156645967,0.9019346519612569,0.0018938004049676945
30,3,25,5.0546875,-0.1015625,5.0546875,0.0546875,0.0546875,2.331459277572526,-0.07073533030425623,2.3289779432654116,2.291671162055838e-06
51,3,6,5.0546875,0.1015625,5.0546875,0.0546875,0.0546875,2.3271586429474116,-0.07083763686369715,2.3245100232880263,2.3099638344746356e-06
30,15,29,5.2421875,-0.0390625,5.2421875,0.0390625,0.2421875,2.2483153923949963,0.11407026885115219,2.239017752952828,-2.523568325310802e-06
51,15,2,5.2421875,0.0390625,5.2421875,0.0390625,0.2421875,2.2022429878076837,0.11405299039329349,2.192968456964856,-2.4887983756029912e-06
30,1,29,5.0234375,-0.0390625,5.0234375,0.0234375,0.0234375,1.9304960821156512,0.012863824171623087,1.9425288218669412,2.9810507245751832e-05
51,1,2,5.0234375,0.0390625,5.0234375,0.0234375,0.0234375,1.923203548395991,0.013536788072915154,1.9349401197722675,3.012719143174666e-05
51,14,1,5.2265625,0.0234375,5.2265625,0.0234375,0.2265625,1.9052273149949144,-0.20089545444745588,1.8649235977376026,7.054193801030732e-06
30,7,24,5.1171875,-0.1171875,5.1171875,0.1171875,0.1171875,1.871037194189777,-0.021897497551756795,1.8646834702314425,-2.079018100810672e-05
30,14,30,5.2265625,-0.0234375,5.2265625,0.0234375,0.2265625,1.8699798520973667,-0.20027008760153328,1.8300607909281659,6.971588654524303e-06
51,7,7,5.1171875,0.1171875,5.1171875,0.1171875,0.1171875,1.8653307937243144,-0.022196047239011488,1.8592302173329873,-2.1365602067168604e-05
30,9,23,5.1484375,-0.1328125,5.1484375,0.1328125,0.1484375,1.7480281010736891,0.05723464213800944,1.747192566062497,6.0626948785087244e-06
51,9,8,5.1484375,0.1328125,5.1484375,0.1328125,0.1484375,1.73577649005381,0.05702058424659304,1.734866685024165,6.029737247100367e-06
30,5,22,5.0859375,-0.1484375,5.0859375,0.0859375,0.0859375,1.3374684765019316,-0.00969995948009596,1.3376226468738794,-3.550065558166077e-06
51,5,9,5.0859375,0.1484375,5.0859375,0.0859375,0.0859375,1.334403285868589,-0.009734600052136616,1.3345328609064662,-3.549994284403906e-06
30,9,22,5.1484375,-0.1484375,5.1484375,0.1484375,0.1484375,1.157743177485629,-0.017232000508927113,1.157422337631255,-3.658534465855321e-06
51,9,9,5.1484375,0.1484375,5.1484375,0.1484375,0.1484375,1.1525412364766827,-0.017189766554072713,1.152233652594031,-3.6369611509128406e-06
30,8,23,5.1328125,-0.1328125,5.1328125,0.1328125,0.1328125,1.1085806556247364,0.0713152209892097,1.108782175364734,4.312993478303071e-06
51,8,8,5.1328125,0.1328125,5.1328125,0.1328125,0.1328125,1.1023980628923995,0.0711053204570074,1.1025518736914164,4.24886387640527e-06
30,14,26,5.2265625,-0.0859375,5.2265625,0.0859375,0.2265625,1.0854582979411431,-0.0460329557738897,1.085674558278521,6.207776708299912e-07
30,15,27,5.2421875,-0.0703125,5.2421875,0.0703125,0.2421875,1.0794117615488452,0.04080322252516804,1.0739596407167291,-9.365045922699058e-07
51,14,5,5.2265625,0.0859375,5.2265625,0.0859375,0.2265625,1.0693109136082046,-0.045981100017271195,1.0695147378482441,6.315353649030885e-07
51,15,4,5.2421875,0.0703125,5.2421875,0.0703125,0.2421875,1.0681709953017222,0.040580084231814924,1.0627607205355367,-9.301225134508528e-07
30,6,22,5.1015625,-0.1484375,5.1015625,0.1015625,0.1015625,1.0424177487090884,-0.0151480758482984,1.0417378824034462,3.22877108151864e-07
51,6,9,5.1015625,0.1484375,5.1015625,0.1015625,0.1015625,1.0380723579433082,-0.014894790679682426,1.0373853370935824,3.5441602660784763e-07
30,5,23,5.0859375,-0.1328125,5.0859375,0.0859375,0.0859375,1.0107262056516269,0.0721065179486606,1.0096197475588657,4.925969361358277e-06
51,3,7,5.0546875,0.1171875,5.0546875,0.0546875,0.0546875,1.0071899875949164,0.0516690385442319,0.9980975027694814,-2.8168179366338895e-06
51,5,8,5.0859375,0.1328125,5.0859375,0.0859375,0.0859375,1.0042602932760865,0.07187890954311585,1.0032679796401076,4.88947907630764e-06
30,3,24,5.0546875,-0.1171875,5.0546875,0.0546875,0.0546875,1.0037192793766527,0.05169577798959178,0.9943489283999206,-2.7805305317782367e-06
30,4,23,5.0703125,-0.1328125,5.0703125,0.0703125,0.0703125,0.9584667912182574,0.007551844575840714,0.9583546552706066,5.598639718838193e-06
51,4,8,5.0703125,0.1328125,5.0703125,0.0703125,0.0703125,0.9562319822498823,0.007754340632136494,0.9561427822885155,5.59633874875166e-06
30,13,25,5.2109375,-0.1015625,5.2109375,0.1015625,0.2109375,0.9214988032595313,-0.014364353074116543,0.9225148645259428,-1.088321656938172e-06
51,13,6,5.2109375,0.1015625,5.2109375,0.1015625,0.2109375,0.9059109960661345,-0.014432867488805016,0.9069383091568551,-1.0956271383012813e-06
51,1,0,5.0234375,0.0078125,5.0234375,0.0078125,0.0234375,0.8975447103933366,-0.3532569510021499,0.7344834824634265,7.270643339003021e-05
30,1,31,5.0234375,-0.0078125,5.0234375,0.0078125,0.0234375,0.8964805402644873,-0.3533944496168257,0.7325010688286202,7.280531275386865e-05
51,2,5,5.0390625,0.0859375,5.0390625,0.0390625,0.0390625,0.8718338591897876,0.2572355488924588,0.8764766353072891,1.662752824828174e-05
30,2,26,5.0390625,-0.0859375,5.0390625,0.0390625,0.0390625,0.8671931204324008,0.25782967897678116,0.8729725613270439,1.6531455600864288e-05
30,14,31,5.2265625,-0.0078125,5.2265625,0.0078125,0.2265625,0.8533063973547973,0.01984132092058863,0.8513748728797229,9.616991149280907e-06
51,14,0,5.2265625,0.0078125,5.2265625,0.0078125,0.2265625,0.848150873400888,0.019189240965956506,0.8460054960465968,9.625400930056014e-06
51,1,3,5.0234375,0.0546875,5.0234375,0.0234375,0.0234375,0.8327990791164311,-0.22245074092360462,0.8375569121338146,-2.5669103221269142e-05
30,1,28,5.0234375,-0.0546875,5.0234375,0.0234375,0.0234375,0.8197667056132129,-0.22240018734925837,0.82393570937924,-2.5347546334577086e-05
30,13,28,5.2109375,-0.0546875,5.2109375,0.0546875,0.2109375,0.7837978130090799,-0.05889052878228855,0.8004785728810795,2.0499355886146238e-05
51,13,3,5.2109375,0.0546875,5.2109375,0.0546875,0.2109375,0.7683771370319825,-0.05875517891942181,0.7844906113590603,2.0319378978017492e-05
51,1,4,5.0234375,0.0703125,5.0234375,0.0234375,0.0234375,0.6944904140578676,0.026183292618325093,0.7042516098985694,-6.459916078292696e-06
30,1,27,5.0234375,-0.0703125,5.0234375,0.0234375,0.0234375,0.6893300221675271,0.02691029644586613,0.699252233355329,-6.325366693966516e-06
30,6,23,5.1015625,-0.1328125,5.1015625,0.1015625,0.1015625,0.674091548850675,0.09951027519974492,0.6738333454136789,3.544567533884958e-07
51,6,8,5.1015625,0.1328125,5.1015625,0.1015625,0.1015625,0.6676576554126852,0.09914221817101682,0.6674818552202058,3.006825459229932e-07
30,10,22,5.1640625,-0.1484375,5.1640625,0.1484375,0.1640625,0.6624822853269446,-0.009640763658963202,0.6624318834995694,-3.232516744088717e-06
51,10,9,5.1640625,0.1484375,5.1640625,0.1484375,0.1640625,0.6601613524245176,-0.009553594276762547,0.6601496246151939,-3.255389442685252e-06
51,11,7,5.1796875,0.1171875,5.1796875,0.1171875,0.1796875,0.6064068776621512,-0.019369216144326712,0.6051133919527197,1.0636820941158116e-06
30,11,24,5.1796875,-0.1171875,5.1796875,0.1171875,0.1796875,0.6046472824627057,-0.01931950983769784,0.6033779760291285,9.53963193131908e-07
30,8,22,5.1328125,-0.1484375,5.1328125,0.1328125,0.1328125,0.5781072874853199,-0.0023775127521038567,0.5785973550083453,-3.2255683926928964e-06
51,8,9,5.1328125,0.1484375,5.1328125,0.1328125,0.1328125,0.5780190047029156,-0.002212768894696019,0.5785009001503568,-3.201792586155897e-06
30,10,23,5.1640625,-0.1328125,5.1640625,0.1328125,0.1640625,0.5230201167788546,0.04140069214693041,0.5213916576684844,4.194368612026195e-06
51,10,8,5.1640625,0.1328125,5.1640625,0.1328125,0.1640625,0.519145359447976,0.04134457533932036,0.5174301287915005,4.2238260151842425e-06
51,14,2,5.2265625,0.0390625,5.2265625,0.0390625,0.2265625,0.4837843596804075,-0.12607161745862652,0.4729769047327334,6.072752494926355e-06
30,14,29,5.2265625,-0.0390625,5.2265625,0.0390625,0.2265625,0.48197915679547587,-0.12654763119192264,0.47132772145485907,6.05481409704554e-06
30,0,30,5.0078125,-0.0234375,5.0078125,0.0078125,0.0078125,0.46843560417012586,0.1312792152711929,0.4356924172004249,-4.1662157225313676e-05
30,14,28,5.2265625,-0.0546875,5.2265625,0.0546875,0.2265625,0.467061152731038,-0.05905929064324596,0.4686187470071268,8.962860124677577e-07
51,0,1,5.0078125,0.0234375,5.0078125,0.0078125,0.0078125,0.4626849841202646,0.13151972114387692,0.4296484608500072,-4.1676293077702446e-05
51,14,3,5.2265625,0.0546875,5.2265625,0.0546875,0.2265625,0.44544067468545706,-0.05854564628247112,0.44685457603269024,8.124761671995596e-07
51,15,0,5.2421875,0.0078125,5.2421875,0.0078125,0.2421875,0.44230117266907004,-0.08810471496122348,0.4375637359303219,2.4945198274185694e-06
30,13,27,5.2109375,-0.0703125,5.2109375,0.0703125,0.2109375,0.4407383147695328,0.009324013629000788,0.4487007889187521,5.013313846309151e-06
51,13,4,5.2109375,0.0703125,5.2109375,0.0703125,0.2109375,0.4276152150347149,0.009357614960194355,0.4353665216234283,5.005744830190765e-06
30,15,31,5.2421875,-0.0078125,5.2421875,0.0078125,0.2421875,0.42058542358164297,-0.08883594187018862,0.41564613573820147,2.5803709701280793e-06
51,2,0,5.0390625,0.0078125,5.0390625,0.0078125,0.0390625,0.4205410764632564,0.23542952988433855,0.45584531307746673,0.00013889782130667455
30,12,24,5.1953125,-0.1171875,5.1953125,0.1171875,0.1953125,0.4184494086799411,0.05099558694453267,0.4097345531814964,5.275582389064508e-07
51,12,7,5.1953125,0.1171875,5.1953125,0.1171875,0.1953125,0.4095615042242615,0.050927431857486896,0.4008202048790661,5.63202716018877e-07
30,2,31,5.0390625,-0.0078125,5.0390625,0.0078125,0.0390625,0.407297489168881,0.23542428357431341,0.442538953523236,0.0001383331755194381
30,0,27,5.0078125,-0.0703125,5.0078125,0.0078125,0.0078125,0.3721790126679995,0.03055268175775776,0.365837706995575,-1.5712076327454517e-07
51,0,4,5.0078125,0.0703125,5.0078125,0.0078125,0.0078125,0.3677036411252876,0.030560140777545756,0.3613807221241022,-7.590439129184597e-08
30,0,29,5.0078125,-0.0390625,5.0078125,0.0078125,0.0078125,0.33240686082419135,0.27105381038071674,0.24827036664625884,-2.1948532264135057e-07
51,0,2,5.0078125,0.0390625,5.0078125,0.0078125,0.0078125,0.3248072220657238,0.2712870817984794,0.23968140279469588,-5.33066677182252e-08
51,12,6,5.1953125,0.1015625,5.1953125,0.1015625,0.1953125,0.29068262297090436,-0.0657716029975295,0.2874590715295616,1.5011747333604026e-06
30,12,25,5.1953125,-0.1015625,5.1953125,0.1015625,0.1953125,0.28994841924280146,-0.06602294337872407,0.2866863540629535,1.5606901374778126e-06
30,13,26,5.2109375,-0.0859375,5.2109375,0.0859375,0.2109375,0.2866306984490067,-0.03355867605344347,0.2814764676479263,-3.505152537823532e-06
30,12,22,5.1953125,-0.1484375,5.1953125,0.1484375,0.1953125,0.28014373160970446,0.009122112920628415,0.2802134025916527,-6.698153154996771e-07
51,13,5,5.2109375,0.0859375,5.2109375,0.0859375,0.2109375,0.2797332714209924,-0.0333140968770651,0.27472555168307816,-3.478899336862782e-06
51,12,9,5.1953125,0.1484375,5.1953125,0.1484375,0.1953125,0.27588483653547213,0.009093415262169708,0.27594847041932086,-6.839004769929521e-07
30,15,28,5.2421875,-0.0546875,5.2421875,0.0546875,0.2421875,0.2604614234868119,0.07417260824842449,0.25528743818984045,-1.8739253114843084e-06
30,14,24,5.2265625,-0.1171875,5.2265625,0.1171875,0.2265625,0.2596088582107439,0.01182242705310024,0.25963242175788087,3.0297550554990044e-07
51,15,3,5.2421875,0.0546875,5.2421875,0.0546875,0.2421875,0.2584066845095551,0.07376610036836279,0.2532694907844143,-1.8689372744942966e-06
51,14,7,5.2265625,0.1171875,5.2265625,0.1171875,0.2265625,0.2579515038823409,0.011815404690545636,0.2579733198621996,3.1463171193800245e-07
30,13,23,5.2109375,-0.1328125,5.2109375,0.1328125,0.2109375,0.23586089975971214,-0.01577800663865937,0.23579153048551257,-5.4154316611352096e-09
51,13,8,5.2109375,0.1328125,5.2109375,0.1328125,0.2109375,0.23448671040481292,-0.01577240374055082,0.2344294904189124,2.9396027495232397e-09
30,13,24,5.2109375,-0.1171875,5.2109375,0.1171875,0.2109375,0.2155730325909672,0.04891782191613149,0.21059336565191789,4.302681537283538e-07
51,13,7,5.2109375,0.1171875,5.2109375,0.1171875,0.2109375,0.2137083736774976,0.04876575607946116,0.20872694307541445,4.431966465883179e-07
51,0,0,5.0078125,0.0078125,5.0078125,0.0078125,0.0078125,0.1902269514244134,0.0009051193210894252,0.18462412418028723,-7.952569214158414e-06
51,16,1,5.2578125,0.0234375,5.2578125,0.0234375,0.2578125,0.1828188101971314,0.06302933517141754,0.17864729855502617,-1.8734012056369668e-06
30,16,30,5.2578125,-0.0234375,5.2578125,0.0234375,0.2578125,0.18121530102604297,0.06330493456950913,0.17703333847264427,-1.8705062900434425e-06
30,17,28,5.2734375,-0.0546875,5.2734375,0.0546875,0.2734375,0.18077721017303186,-0.020720263127927085,0.18097414750494714,-6.226734264085146e-07
30,1,26,5.0234375,-0.0859375,5.0234375,0.0234375,0.0234375,0.17954623888263108,0.028166944327694732,0.1811487840161609,6.5298683295746455e-06
30,0,31,5.0078125,-0.0078125,5.0078125,0.0078125,0.0078125,0.17951967669492108,0.0008215236495243555,0.17391859925721792,-7.637981058621346e-06
51,17,3,5.2734375,0.0546875,5.2734375,0.0546875,0.2734375,0.17924245097223485,-0.020701373648898583,0.179456917865492,-6.277168431023709e-07
51,1,5,5.0234375,0.0859375,5.0234375,0.0234375,0.0234375,0.17866328095698536,0.0282430452328407,0.18012753369742796,6.528584088404945e-06
