2026/08/29 09:48:49.385, 0, NVIDIA A100-PCIE-40GB, 10825, 40960, 100
2026/08/29 09:48:59.388, 0, NVIDIA A100-PCIE-40GB, 10825, 40960, 100
2026/08/29 09:49:09.389, 0, NVIDIA A100-PCIE-40GB, 10825, 40960, 100
2026/08/29 09:49:19.390, 0, NVIDIA A100-PCIE-40GB, 10825, 40960, 100
2026/08/29 09:49:29.391, 0, NVIDIA A100-PCIE-40GB, 10825, 40960, 100
2026/08/29 09:49:39.392, 0, NVIDIA A100-PCIE-40GB, 10825, 40960, 100
2026/08/29 09:49:49.393, 0, NVIDIA A100-PCIE-40GB, 10825, 40960, 100
2026/08/29 09:49:59.395, 0, NVIDIA A100-PCIE-40GB, 10825, 40960, 100
2026/08/29 09:50:09.396, 0, NVIDIA A100-PCIE-40GB, 10825, 40960, 100
2026/08/29 09:50:19.396, 0, NVIDIA A100-PCIE-40GB, 10825, 40960, 100
2026/08/29 09:50:29.397, 0, NVIDIA A100-PCIE-40GB, 10825, 40960, 100
2026/08/29 09:50:39.398, 0, NVIDIA A100-PCIE-40GB, 10825, 40960, 100
2026/08/29 09:50:49.399, 0, NVIDIA A100-PCIE-40GB, 10825, 40960, 100
2026/08/29 09:50:59.400, 0, NVIDIA A100-PCIE-40GB, 10825, 40960, 100
2026/08/29 09:51:09.402, 0, NVIDIA A100-PCIE-40GB, 10825, 40960, 100
2026/08/29 09:51:19.406, 0, NVIDIA A100-PCIE-40GB, 10825, 40960, 100
2026/08/29 09:51:29.411, 0, NVIDIA A100-PCIE-40GB, 10825, 40960, 100
2026/08/29 09:51:39.413, 0, NVIDIA A100-PCIE-40GB, 10825, 40960, 100
2026/08/29 09:51:49.414, 0, NVIDIA A100-PCIE-40GB, 10825, 40960, 100
2026/08/29 09:51:59.416, 0, NVIDIA A100-PCIE-40GB, 10825, 40960, 100
2026/08/29 09:52:09.420, 0, NVIDIA A100-PCIE-40GB, 10825, 40960, 99
2026/08/29 09:52:19.423, 0, NVIDIA A100-PCIE-40GB, 10825, 40960, 100
2026/08/29 09:52:29.424, 0, NVIDIA A100-PCIE-40GB, 10825, 40960, 100
2026/08/29 09:52:39.427, 0, NVIDIA A100-PCIE-40GB, 10825, 40960, 100
2026/08/29 09:52:49.428, 0, NVIDIA A100-PCIE-40GB, 10825, 40960, 100
2026/08/29 09:52:59.432, 0, NVIDIA A100-PCIE-40GB, 10825, 40960, 100
2026/08/29 09:53:09.435, 0, NVIDIA A100-PCIE-40GB, 10825, 40960, 100
2026/08/29 09:53:19.443, 0, NVIDIA A100-PCIE-40GB, 10825, 40960, 100
2026/08/29 09:53:29.446, 0, NVIDIA A100-PCIE-40GB, 10825, 40960, 100
2026/08/29 09:53:39.449, 0, NVIDIA A100-PCIE-40GB, 10825, 40960, 100
2026/08/29 09:53:49.453, 0, NVIDIA A100-PCIE-40GB, 10825, 40960, 100
2026/08/29 09:53:59.457, 0, NVIDIA A100-PCIE-40GB, 10825, 40960, 100
2026/08/29 09:54:09.460, 0, NVIDIA A100-PCIE-40GB, 10825, 40960, 100
2026/08/29 09:54:19.464, 0, NVIDIA A100-PCIE-40GB, 10825, 40960, 100
2026/08/29 09:54:29.467, 0, NVIDIA A100-PCIE-40GB, 10825, 40960, 100
2026/08/29 09:54:39.470, 0, NVIDIA A100-PCIE-40GB, 10825, 40960, 100
2026/08/29 09:54:49.475, 0, NVIDIA A100-PCIE-40GB, 10825, 40960, 100
2026/08/29 09:54:59.478, 0, NVIDIA A100-PCIE-40GB, 10825, 40960, 100
2026/08/29 09:55:09.481, 0, NVIDIA A100-PCIE-40GB, 10825, 40960, 100
2026/08/29 09:55:19.484, 0, NVIDIA A100-PCIE-40GB, 10825, 40960, 100
2026/08/29 09:55:29.489, 0, NVIDIA A100-PCIE-40GB, 10825, 40960, 100
2026/08/29 09:55:39.492, 0, NVIDIA A100-PCIE-40GB, 10825, 40960, 100
2026/08/29 09:55:49.496, 0, NVIDIA A100-PCIE-40GB, 10825, 40960, 100
2026/08/29 09:55:59.499, 0, NVIDIA A100-PCIE-40GB, 10825, 40960, 100
2026/08/29 09:56:09.505, 0, NVIDIA A100-PCIE-40GB, 10825, 40960, 100
2026/08/29 09:56:19.516, 0, NVIDIA A100-PCIE-40GB, 10825, 40960, 100
2026/08/29 09:56:29.521, 0, NVIDIA A100-PCIE-40GB, 10825, 40960, 100
2026/08/29 09:56:39.524, 0, NVIDIA A100-PCIE-40GB, 11900, 40960, 100
2026/08/29 09:56:49.528, 0, NVIDIA A100-PCIE-40GB, 11900, 40960, 100
2026/08/29 09:56:59.534, 0, NVIDIA A100-PCIE-40GB, 11900, 40960, 100
2026/08/29 09:57:09.539, 0, NVIDIA A100-PCIE-40GB, 11900, 40960, 100
2026/08/29 09:57:19.543, 0, NVIDIA A100-PCIE-40GB, 11900, 40960, 100
2026/08/29 09:57:29.547, 0, NVIDIA A100-PCIE-40GB, 11900, 40960, 100
2026/08/29 09:57:39.551, 0, NVIDIA A100-PCIE-40GB, 11900, 40960, 100
2026/08/29 09:57:49.559, 0, NVIDIA A100-PCIE-40GB, 11900, 40960, 100
2026/08/29 09:57:59.564, 0, NVIDIA A100-PCIE-40GB, 11900, 40960, 100
2026/08/29 09:58:09.568, 0, NVIDIA A100-PCIE-40GB, 11900, 40960, 100
2026/08/29 09:58:19.572, 0, NVIDIA A100-PCIE-40GB, 11900, 40960, 100
2026/08/29 09:58:29.579, 0, NVIDIA A100-PCIE-40GB, 11900, 40960, 100
2026/08/29 09:58:39.587, 0, NVIDIA A100-PCIE-40GB, 11900, 40960, 100
2026/08/29 09:58:49.592, 0, NVIDIA A100-PCIE-40GB, 11900, 40960, 100
2026/08/29 09:58:59.596, 0, NVIDIA A100-PCIE-40GB, 11900, 40960, 100
2026/08/29 09:59:09.601, 0, NVIDIA A100-PCIE-40GB, 11900, 40960, 100
2026/08/29 09:59:19.606, 0, NVIDIA A100-PCIE-40GB, 11900, 40960, 100
2026/08/29 09:59:29.609, 0, NVIDIA A100-PCIE-40GB, 11900, 40960, 100
2026/08/29 09:59:39.613, 0, NVIDIA A100-PCIE-40GB, 11900, 40960, 100
2026/08/29 09:59:49.616, 0, NVIDIA A100-PCIE-40GB, 11900, 40960, 100
2026/08/29 09:59:59.619, 0, NVIDIA A100-PCIE-40GB, 11900, 40960, 100
2026/08/29 10:00:09.623, 0, NVIDIA A100-PCIE-40GB, 11900, 40960, 100
2026/08/29 10:00:19.627, 0, NVIDIA A100-PCIE-40GB, 11900, 40960, 100
2026/08/29 10:00:29.634, 0, NVIDIA A100-PCIE-40GB, 11900, 40960, 100
2026/08/29 10:00:39.639, 0, NVIDIA A100-PCIE-40GB, 11900, 40960, 100
2026/08/29 10:00:49.643, 0, NVIDIA A100-PCIE-40GB, 11900, 40960, 100
2026/08/29 10:00:59.647, 0, NVIDIA A100-PCIE-40GB, 11900, 40960, 100
2026/08/29 10:01:09.652, 0, NVIDIA A100-PCIE-40GB, 11900, 40960, 100
2026/08/29 10:01:19.655, 0, NVIDIA A100-PCIE-40GB, 11900, 40960, 100
2026/08/29 10:01:29.662, 0, NVIDIA A100-PCIE-40GB, 11900, 40960, 100
2026/08/29 10:01:39.671, 0, NVIDIA A100-PCIE-40GB, 11900, 40960, 100
2026/08/29 10:01:49.679, 0, NVIDIA A100-PCIE-40GB, 11900, 40960, 100
2026/08/29 10:01:59.683, 0, NVIDIA A100-PCIE-40GB, 11900, 40960, 100
2026/08/29 10:02:09.686, 0, NVIDIA A100-PCIE-40GB, 11900, 40960, 100
2026/08/29 10:02:19.692, 0, NVIDIA A100-PCIE-40GB, 11900, 40960, 100
2026/08/29 10:02:29.700, 0, NVIDIA A100-PCIE-40GB, 11900, 40960, 100
2026/08/29 10:02:39.703, 0, NVIDIA A100-PCIE-40GB, 11900, 40960, 100
2026/08/29 10:02:49.707, 0, NVIDIA A100-PCIE-40GB, 11900, 40960, 100
2026/08/29 10:02:59.711, 0, NVIDIA A100-PCIE-40GB, 11900, 40960, 100
2026/08/29 10:03:09.714, 0, NVIDIA A100-PCIE-40GB, 11900, 40960, 100
2026/08/29 10:03:19.719, 0, NVIDIA A100-PCIE-40GB, 11900, 40960, 100
2026/08/29 10:03:29.723, 0, NVIDIA A100-PCIE-40GB, 11900, 40960, 100
2026/08/29 10:03:39.732, 0, NVIDIA A100-PCIE-40GB, 11900, 40960, 100
2026/08/29 10:03:49.736, 0, NVIDIA A100-PCIE-40GB, 11900, 40960, 100
2026/08/29 10:03:59.740, 0, NVIDIA A100-PCIE-40GB, 11900, 40960, 100
2026/08/29 10:04:09.752, 0, NVIDIA A100-PCIE-40GB, 11900, 40960, 100
2026/08/29 10:04:19.755, 0, NVIDIA A100-PCIE-40GB, 11900, 40960, 100
2026/08/29 10:04:29.760, 0, NVIDIA A100-PCIE-40GB, 11900, 40960, 100
2026/08/29 10:04:39.764, 0, NVIDIA A100-PCIE-40GB, 11900, 40960, 100
2026/08/29 10:04:49.769, 0, NVIDIA A100-PCIE-40GB, 11900, 40960, 100
2026/08/29 10:04:59.773, 0, NVIDIA A100-PCIE-40GB, 11900, 40960, 100
2026/08/29 10:05:09.776, 0, NVIDIA A100-PCIE-40GB, 11900, 40960, 100
2026/08/29 10:05:19.780, 0, NVIDIA A100-PCIE-40GB, 11900, 40960, 100
2026/08/29 10:05:29.783, 0, NVIDIA A100-PCIE-40GB, 11900, 40960, 100
2026/08/29 10:05:39.787, 0, NVIDIA A100-PCIE-40GB, 11900, 40960, 100
2026/08/29 10:05:49.792, 0, NVIDIA A100-PCIE-40GB, 11900, 40960, 100
2026/08/29 10:05:59.795, 0, NVIDIA A100-PCIE-40GB, 11900, 40960, 100
2026/08/29 10:06:09.798, 0, NVIDIA A100-PCIE-40GB, 11900, 40960, 100
2026/08/29 10:06:19.803, 0, NVIDIA A100-PCIE-40GB, 11900, 40960, 100
2026/08/29 10:06:29.806, 0, NVIDIA A100-PCIE-40GB, 11900, 40960, 100
2026/08/29 10:06:39.815, 0, NVIDIA A100-PCIE-40GB, 11900, 40960, 100
2026/08/29 10:06:49.821, 0, NVIDIA A100-PCIE-40GB, 11900, 40960, 100
2026/08/29 10:06:59.824, 0, NVIDIA A100-PCIE-40GB, 11900, 40960, 100
2026/08/29 10:07:09.827, 0, NVIDIA A100-PCIE-40GB, 11900, 40960, 100
2026/08/29 10:07:19.831, 0, NVIDIA A100-PCIE-40GB, 11900, 40960, 100
2026/08/29 10:07:29.838, 0, NVIDIA A100-PCIE-40GB, 11900, 40960, 100
2026/08/29 10:07:39.843, 0, NVIDIA A100-PCIE-40GB, 11900, 40960, 100
2026/08/29 10:07:49.846, 0, NVIDIA A100-PCIE-40GB, 11900, 40960, 100
2026/08/29 10:07:59.852, 0, NVIDIA A100-PCIE-40GB, 11900, 40960, 100
2026/08/29 10:08:09.859, 0, NVIDIA A100-PCIE-40GB, 11900, 40960, 100
2026/08/29 10:08:19.863, 0, NVIDIA A100-PCIE-40GB, 11900, 40960, 100
2026/08/29 10:08:29.869, 0, NVIDIA A100-PCIE-40GB, 11900, 40960, 100
2026/08/29 10:08:39.873, 0, NVIDIA A100-PCIE-40GB, 11900, 40960, 100
2026/08/29 10:08:49.878, 0, NVIDIA A100-PCIE-40GB, 11900, 40960, 100
2026/08/29 10:08:59.892, 0, NVIDIA A100-PCIE-40GB, 11900, 40960, 100
2026/08/29 10:09:09.898, 0, NVIDIA A100-PCIE-40GB, 11900, 40960, 100
2026/08/29 10:09:19.903, 0, NVIDIA A100-PCIE-40GB, 11900, 40960, 100
2026/08/29 10:09:29.908, 0, NVIDIA A100-PCIE-40GB, 11900, 40960, 100
2026/08/29 10:09:39.914, 0, NVIDIA A100-PCIE-40GB, 11900, 40960, 100
2026/08/29 10:09:49.920, 0, NVIDIA A100-PCIE-40GB, 11900, 40960, 100
2026/08/29 10:09:59.925, 0, NVIDIA A100-PCIE-40GB, 11900, 40960, 100
2026/08/29 10:10:09.928, 0, NVIDIA A100-PCIE-40GB, 11900, 40960, 100
2026/08/29 10:10:19.934, 0, NVIDIA A100-PCIE-40GB, 11900, 40960, 100
2026/08/29 10:10:29.938, 0, NVIDIA A100-PCIE-40GB, 11900, 40960, 100
2026/08/29 10:10:39.942, 0, NVIDIA A100-PCIE-40GB, 11900, 40960, 100
2026/08/29 10:10:49.946, 0, NVIDIA A100-PCIE-40GB, 11900, 40960, 100
2026/08/29 10:10:59.948, 0, NVIDIA A100-PCIE-40GB, 11900, 40960, 100
2026/08/29 10:11:09.952, 0, NVIDIA A100-PCIE-40GB, 11900, 40960, 100
2026/08/29 10:11:19.957, 0, NVIDIA A100-PCIE-40GB, 11900, 40960, 100
2026/08/29 10:11:29.961, 0, NVIDIA A100-PCIE-40GB, 11900, 40960, 100
2026/08/29 10:11:39.966, 0, NVIDIA A100-PCIE-40GB, 11900, 40960, 100
2026/08/29 10:11:49.975, 0, NVIDIA A100-PCIE-40GB, 11900, 40960, 100
2026/08/29 10:11:59.978, 0, NVIDIA A100-PCIE-40GB, 11900, 40960, 100
2026/08/29 10:12:09.983, 0, NVIDIA A100-PCIE-40GB, 11900, 40960, 100
2026/08/29 10:12:19.990, 0, NVIDIA A100-PCIE-40GB, 11900, 40960, 100
2026/08/29 10:12:29.993, 0, NVIDIA A100-PCIE-40GB, 11900, 40960, 100
2026/08/29 10:12:39.998, 0, NVIDIA A100-PCIE-40GB, 11900, 40960, 100
2026/08/29 10:12:50.001, 0, NVIDIA A100-PCIE-40GB, 11900, 40960, 100
2026/08/29 10:13:00.004, 0, NVIDIA A100-PCIE-40GB, 11900, 40960, 100
2026/08/29 10:13:10.009, 0, NVIDIA A100-PCIE-40GB, 11900, 40960, 100
2026/08/29 10:13:20.016, 0, NVIDIA A100-PCIE-40GB, 11900, 40960, 100
2026/08/29 10:13:30.020, 0, NVIDIA A100-PCIE-40GB, 11900, 40960, 100
2026/08/29 10:13:40.024, 0, NVIDIA A100-PCIE-40GB, 11900, 40960, 100
2026/08/29 10:13:50.027, 0, NVIDIA A100-PCIE-40GB, 11900, 40960, 100
2026/08/29 10:14:00.030, 0, NVIDIA A100-PCIE-40GB, 11900, 40960, 100
2026/08/29 10:14:10.033, 0, NVIDIA A100-PCIE-40GB, 11900, 40960, 100
2026/08/29 10:14:20.042, 0, NVIDIA A100-PCIE-40GB, 11900, 40960, 100
2026/08/29 10:14:30.045, 0, NVIDIA A100-PCIE-40GB, 11900, 40960, 100
2026/08/29 10:14:40.053, 0, NVIDIA A100-PCIE-40GB, 11900, 40960, 100
2026/08/29 10:14:50.057, 0, NVIDIA A100-PCIE-40GB, 11900, 40960, 100
2026/08/29 10:15:00.061, 0, NVIDIA A100-PCIE-40GB, 11900, 40960, 100
2026/08/29 10:15:10.064, 0, NVIDIA A100-PCIE-40GB, 11900, 40960, 100
2026/08/29 10:15:20.071, 0, NVIDIA A100-PCIE-40GB, 11900, 40960, 100
