ref_gh ApplyPhysicalBCs projected trumpet gauge	60
ref_gh ApplyPhysicalBCs projected trumpet metric	60
ref_gh CalcRHS	60
ref_gh CalcRHS dissipation	60
ref_gh CalcRHS gamma2	60
ref_gh CalcRHS primary	60
ref_gh CalcRHS psi	60
ref_gh CalcRHS standard_phi	60
ref_gh CalcRHS zero	60
ref_gh CopyU	47
ref_gh ExpRKUpdate	48
ref_gh InitRecv	60
ref_gh NewTimeStep	12
ref_gh Prolongate	60
ref_gh RecvU	39183
ref_gh RestrictU	60
ref_gh SendU	60
ref_gh UpdateReference	48
ref_gh diagnostics ADM reconstruction	24
ref_gh diagnostics constraints	24
ref_gh diagnostics metric condition	24
ref_gh diagnostics reference	24
ref_gh history diagnostic maxima	12
ref_gh history geometry maxima	12
ref_gh history state maxima	12
ref_gh history sums	12
